date,team_1,team_1_score,team_2,team_2_score,stadium_attendance,stadium
Tue Dec 22 2020,Golden State Warriors,99,Brooklyn Nets,125,0,Barclays Center
Tue Dec 22 2020,Los Angeles Clippers,116,Los Angeles Lakers,109,0,STAPLES Center
Wed Dec 23 2020,Charlotte Hornets,114,Cleveland Cavaliers,121,300,Rocket Mortgage Fieldhouse
Wed Dec 23 2020,New York Knicks,107,Indiana Pacers,121,0,Bankers Life Fieldhouse
Wed Dec 23 2020,Miami Heat,107,Orlando Magic,113,3396,Amway Center
Wed Dec 23 2020,Washington Wizards,107,Philadelphia 76ers,113,0,Wells Fargo Center
Wed Dec 23 2020,New Orleans Pelicans,113,Toronto Raptors,99,3800,Amalie Arena
Wed Dec 23 2020,Milwaukee Bucks,121,Boston Celtics,122,0,TD Garden
Wed Dec 23 2020,Atlanta Hawks,124,Chicago Bulls,104,0,United Center
Wed Dec 23 2020,San Antonio Spurs,131,Memphis Grizzlies,119,0,FedEx Forum
Wed Dec 23 2020,Detroit Pistons,101,Minnesota Timberwolves,111,0,Target Center
Wed Dec 23 2020,Sacramento Kings,124,Denver Nuggets,122,0,Ball Arena
Wed Dec 23 2020,Utah Jazz,120,Portland Trail Blazers,100,0,Moda Center
Wed Dec 23 2020,Dallas Mavericks,102,Phoenix Suns,106,0,Phoenix Suns Arena
Fri Dec 25 2020,New Orleans Pelicans,98,Miami Heat,111,0,AmericanAirlines Arena
Fri Dec 25 2020,Golden State Warriors,99,Milwaukee Bucks,138,0,Fiserv Forum
Fri Dec 25 2020,Brooklyn Nets,123,Boston Celtics,95,0,TD Garden
Fri Dec 25 2020,Dallas Mavericks,115,Los Angeles Lakers,138,0,STAPLES Center
Fri Dec 25 2020,Los Angeles Clippers,121,Denver Nuggets,108,0,Ball Arena
Sat Dec 26 2020,Atlanta Hawks,122,Memphis Grizzlies,112,0,FedEx Forum
Sat Dec 26 2020,Oklahoma City Thunder,109,Charlotte Hornets,107,0,Spectrum Center
Sat Dec 26 2020,Cleveland Cavaliers,128,Detroit Pistons,119,0,Little Caesars Arena
Sat Dec 26 2020,Orlando Magic,130,Washington Wizards,120,0,Capital One Arena
Sat Dec 26 2020,Philadelphia 76ers,109,New York Knicks,89,0,Madison Square Garden (IV)
Sat Dec 26 2020,Indiana Pacers,125,Chicago Bulls,106,0,United Center
Sat Dec 26 2020,Toronto Raptors,114,San Antonio Spurs,119,0,AT&T Center
Sat Dec 26 2020,Minnesota Timberwolves,116,Utah Jazz,111,1932,Vivint Smart Home Arena
Sat Dec 26 2020,Houston Rockets,126,Portland Trail Blazers,128,0,Moda Center
Sat Dec 26 2020,Phoenix Suns,103,Sacramento Kings,106,0,Golden 1 Center
Sun Dec 27 2020,Dallas Mavericks,124,Los Angeles Clippers,73,0,STAPLES Center
Sun Dec 27 2020,San Antonio Spurs,95,New Orleans Pelicans,98,750,Smoothie King Center
Sun Dec 27 2020,Orlando Magic,120,Washington Wizards,113,0,Capital One Arena
Sun Dec 27 2020,Brooklyn Nets,104,Charlotte Hornets,106,0,Spectrum Center
Sun Dec 27 2020,Philadelphia 76ers,94,Cleveland Cavaliers,118,300,Rocket Mortgage Fieldhouse
Sun Dec 27 2020,Milwaukee Bucks,110,New York Knicks,130,0,Madison Square Garden (IV)
Sun Dec 27 2020,Boston Celtics,107,Indiana Pacers,108,0,Bankers Life Fieldhouse
Sun Dec 27 2020,Golden State Warriors,129,Chicago Bulls,128,0,United Center
Sun Dec 27 2020,Phoenix Suns,116,Sacramento Kings,100,0,Golden 1 Center
Sun Dec 27 2020,Minnesota Timberwolves,91,Los Angeles Lakers,127,0,STAPLES Center
Mon Dec 28 2020,Memphis Grizzlies,116,Brooklyn Nets,111,0,Barclays Center
Mon Dec 28 2020,Detroit Pistons,120,Atlanta Hawks,128,0,State Farm Arena
Mon Dec 28 2020,Utah Jazz,110,Oklahoma City Thunder,109,0,Chesapeake Energy Arena
Mon Dec 28 2020,Houston Rockets,111,Denver Nuggets,124,0,Ball Arena
Mon Dec 28 2020,Portland Trail Blazers,115,Los Angeles Lakers,107,0,STAPLES Center
Tue Dec 29 2020,New York Knicks,95,Cleveland Cavaliers,86,300,Rocket Mortgage Fieldhouse
Tue Dec 29 2020,Golden State Warriors,116,Detroit Pistons,106,0,Little Caesars Arena
Tue Dec 29 2020,Boston Celtics,116,Indiana Pacers,111,0,Bankers Life Fieldhouse
Tue Dec 29 2020,Chicago Bulls,115,Washington Wizards,107,0,Capital One Arena
Tue Dec 29 2020,Toronto Raptors,93,Philadelphia 76ers,100,0,Wells Fargo Center
Tue Dec 29 2020,Milwaukee Bucks,144,Miami Heat,97,0,AmericanAirlines Arena
Tue Dec 29 2020,Orlando Magic,118,Oklahoma City Thunder,107,0,Chesapeake Energy Arena
Tue Dec 29 2020,New Orleans Pelicans,86,Phoenix Suns,111,0,Phoenix Suns Arena
Tue Dec 29 2020,Denver Nuggets,115,Sacramento Kings,125,0,Golden 1 Center
Tue Dec 29 2020,Minnesota Timberwolves,101,Los Angeles Clippers,124,0,STAPLES Center
Wed Dec 30 2020,Milwaukee Bucks,108,Miami Heat,119,0,AmericanAirlines Arena
Wed Dec 30 2020,Atlanta Hawks,141,Brooklyn Nets,145,0,Barclays Center
Wed Dec 30 2020,Memphis Grizzlies,107,Boston Celtics,126,0,TD Garden
Wed Dec 30 2020,Charlotte Hornets,118,Dallas Mavericks,99,0,American Airlines Center
Wed Dec 30 2020,Los Angeles Lakers,121,San Antonio Spurs,107,0,AT&T Center
Wed Dec 30 2020,Portland Trail Blazers,105,Los Angeles Clippers,128,0,STAPLES Center
Thu Dec 31 2020,Cleveland Cavaliers,99,Indiana Pacers,119,0,Bankers Life Fieldhouse
Thu Dec 31 2020,Chicago Bulls,133,Washington Wizards,130,0,Capital One Arena
Thu Dec 31 2020,Philadelphia 76ers,116,Orlando Magic,92,3247,Amway Center
Thu Dec 31 2020,Sacramento Kings,119,Houston Rockets,122,3247,Toyota Center
Thu Dec 31 2020,New York Knicks,83,Toronto Raptors,100,3449,Amalie Arena
Thu Dec 31 2020,New Orleans Pelicans,113,Oklahoma City Thunder,80,0,Chesapeake Energy Arena
Thu Dec 31 2020,Phoenix Suns,106,Utah Jazz,95,1932,Vivint Smart Home Arena
Fri Jan 1 2021,Memphis Grizzlies,108,Charlotte Hornets,93,0,Spectrum Center
Fri Jan 1 2021,Miami Heat,83,Dallas Mavericks,93,0,American Airlines Center
Fri Jan 1 2021,Boston Celtics,93,Detroit Pistons,96,0,Little Caesars Arena
Fri Jan 1 2021,Atlanta Hawks,114,Brooklyn Nets,96,0,Barclays Center
Fri Jan 1 2021,Chicago Bulls,96,Milwaukee Bucks,126,0,Fiserv Forum
Fri Jan 1 2021,Washington Wizards,130,Minnesota Timberwolves,109,0,Target Center
Fri Jan 1 2021,Los Angeles Lakers,109,San Antonio Spurs,103,0,AT&T Center
Fri Jan 1 2021,Phoenix Suns,106,Denver Nuggets,103,0,Ball Arena
Fri Jan 1 2021,Los Angeles Clippers,100,Utah Jazz,106,1932,Vivint Smart Home Arena
Fri Jan 1 2021,Portland Trail Blazers,123,Golden State Warriors,98,0,Chase Center
Sat Jan 2 2021,Sacramento Kings,94,Houston Rockets,102,3065,Toyota Center
Sat Jan 2 2021,New York Knicks,106,Indiana Pacers,102,0,Bankers Life Fieldhouse
Sat Jan 2 2021,Oklahoma City Thunder,108,Orlando Magic,99,3339,Amway Center
Sat Jan 2 2021,Charlotte Hornets,112,Philadelphia 76ers,127,0,Wells Fargo Center
Sat Jan 2 2021,Cleveland Cavaliers,96,Atlanta Hawks,91,0,State Farm Arena
Sat Jan 2 2021,Toronto Raptors,116,New Orleans Pelicans,120,750,Smoothie King Center
Sun Jan 3 2021,Boston Celtics,122,Detroit Pistons,120,0,Little Caesars Arena
Sun Jan 3 2021,Washington Wizards,123,Brooklyn Nets,122,0,Barclays Center
Sun Jan 3 2021,Los Angeles Lakers,108,Memphis Grizzlies,94,0,FedEx Forum
Sun Jan 3 2021,Denver Nuggets,124,Minnesota Timberwolves,109,0,Target Center
Sun Jan 3 2021,Utah Jazz,130,San Antonio Spurs,109,0,AT&T Center
Sun Jan 3 2021,Dallas Mavericks,108,Chicago Bulls,118,0,United Center
Sun Jan 3 2021,Los Angeles Clippers,112,Phoenix Suns,107,0,Phoenix Suns Arena
Sun Jan 3 2021,Portland Trail Blazers,122,Golden State Warriors,137,0,Chase Center
Mon Jan 4 2021,Cleveland Cavaliers,83,Orlando Magic,103,2726,Amway Center
Mon Jan 4 2021,Charlotte Hornets,101,Philadelphia 76ers,118,0,Wells Fargo Center
Mon Jan 4 2021,New York Knicks,113,Atlanta Hawks,108,0,State Farm Arena
Mon Jan 4 2021,Oklahoma City Thunder,90,Miami Heat,118,0,AmericanAirlines Arena
Mon Jan 4 2021,Boston Celtics,126,Toronto Raptors,114,3740,Amalie Arena
Mon Jan 4 2021,Dallas Mavericks,113,Houston Rockets,100,3070,Toyota Center
Mon Jan 4 2021,Detroit Pistons,115,Milwaukee Bucks,125,0,Fiserv Forum
Mon Jan 4 2021,Indiana Pacers,118,New Orleans Pelicans,116,750,Smoothie King Center
Mon Jan 4 2021,Sacramento Kings,106,Golden State Warriors,137,0,Chase Center
Tue Jan 5 2021,Utah Jazz,96,Brooklyn Nets,130,0,Barclays Center
Tue Jan 5 2021,Los Angeles Lakers,94,Memphis Grizzlies,92,0,FedEx Forum
Tue Jan 5 2021,Minnesota Timberwolves,116,Denver Nuggets,123,0,Ball Arena
Tue Jan 5 2021,San Antonio Spurs,116,Los Angeles Clippers,113,0,STAPLES Center
Tue Jan 5 2021,Chicago Bulls,111,Portland Trail Blazers,108,0,Moda Center
Wed Jan 6 2021,Houston Rockets,107,Indiana Pacers,114,0,Bankers Life Fieldhouse
Wed Jan 6 2021,Cleveland Cavaliers,94,Orlando Magic,105,2948,Amway Center
Wed Jan 6 2021,Washington Wizards,136,Philadelphia 76ers,141,0,Wells Fargo Center
Wed Jan 6 2021,Charlotte Hornets,102,Atlanta Hawks,94,0,State Farm Arena
Wed Jan 6 2021,Boston Celtics,107,Miami Heat,105,0,AmericanAirlines Arena
Wed Jan 6 2021,Utah Jazz,100,New York Knicks,112,0,Madison Square Garden (IV)
Wed Jan 6 2021,Detroit Pistons,115,Milwaukee Bucks,130,0,Fiserv Forum
Wed Jan 6 2021,Oklahoma City Thunder,111,New Orleans Pelicans,110,750,Smoothie King Center
Wed Jan 6 2021,Toronto Raptors,115,Phoenix Suns,123,0,Phoenix Suns Arena
Wed Jan 6 2021,Los Angeles Clippers,108,Golden State Warriors,101,0,Chase Center
Wed Jan 6 2021,Chicago Bulls,124,Sacramento Kings,128,0,Golden 1 Center
Thu Jan 7 2021,Philadelphia 76ers,109,Brooklyn Nets,122,0,Barclays Center
Thu Jan 7 2021,Cleveland Cavaliers,94,Memphis Grizzlies,90,0,FedEx Forum
Thu Jan 7 2021,Dallas Mavericks,124,Denver Nuggets,117,0,Ball Arena
Thu Jan 7 2021,San Antonio Spurs,118,Los Angeles Lakers,109,0,STAPLES Center
Thu Jan 7 2021,Minnesota Timberwolves,117,Portland Trail Blazers,135,0,Moda Center
Fri Jan 8 2021,Phoenix Suns,105,Detroit Pistons,110,0,Little Caesars Arena
Fri Jan 8 2021,Washington Wizards,107,Boston Celtics,116,0,TD Garden
Fri Jan 8 2021,Charlotte Hornets,118,New Orleans Pelicans,110,750,Smoothie King Center
Fri Jan 8 2021,Oklahoma City Thunder,101,New York Knicks,89,0,Madison Square Garden (IV)
Fri Jan 8 2021,Orlando Magic,90,Houston Rockets,132,3039,Toyota Center
Fri Jan 8 2021,Brooklyn Nets,110,Memphis Grizzlies,115,0,FedEx Forum
Fri Jan 8 2021,Utah Jazz,131,Milwaukee Bucks,118,0,Fiserv Forum
Fri Jan 8 2021,Los Angeles Clippers,105,Golden State Warriors,115,0,Chase Center
Fri Jan 8 2021,Chicago Bulls,115,Los Angeles Lakers,117,0,STAPLES Center
Fri Jan 8 2021,Toronto Raptors,144,Sacramento Kings,123,0,Golden 1 Center
Sat Jan 9 2021,Denver Nuggets,115,Philadelphia 76ers,103,0,Wells Fargo Center
Sat Jan 9 2021,Atlanta Hawks,105,Charlotte Hornets,113,0,Spectrum Center
Sat Jan 9 2021,Phoenix Suns,125,Indiana Pacers,117,0,Bankers Life Fieldhouse
Sat Jan 9 2021,Miami Heat,128,Washington Wizards,124,0,Capital One Arena
Sat Jan 9 2021,Cleveland Cavaliers,90,Milwaukee Bucks,100,0,Fiserv Forum
Sat Jan 9 2021,San Antonio Spurs,125,Minnesota Timberwolves,122,0,Target Center
Sat Jan 9 2021,Orlando Magic,98,Dallas Mavericks,112,0,American Airlines Center
Sat Jan 9 2021,Portland Trail Blazers,125,Sacramento Kings,99,0,Golden 1 Center
Sun Jan 10 2021,Utah Jazz,96,Detroit Pistons,86,0,Little Caesars Arena
Sun Jan 10 2021,Chicago Bulls,127,Los Angeles Clippers,130,0,STAPLES Center
Sun Jan 10 2021,Oklahoma City Thunder,129,Brooklyn Nets,116,0,Barclays Center
Sun Jan 10 2021,Denver Nuggets,114,New York Knicks,89,0,Madison Square Garden (IV)
Sun Jan 10 2021,Los Angeles Lakers,120,Houston Rockets,102,3327,Toyota Center
Sun Jan 10 2021,San Antonio Spurs,88,Minnesota Timberwolves,96,0,Target Center
Sun Jan 10 2021,Toronto Raptors,105,Golden State Warriors,106,0,Chase Center
Mon Jan 11 2021,New York Knicks,88,Charlotte Hornets,109,0,Spectrum Center
Mon Jan 11 2021,Memphis Grizzlies,101,Cleveland Cavaliers,91,1944,Rocket Mortgage Fieldhouse
Mon Jan 11 2021,Milwaukee Bucks,121,Orlando Magic,99,3248,Amway Center
Mon Jan 11 2021,Phoenix Suns,107,Washington Wizards,128,0,Capital One Arena
Mon Jan 11 2021,Philadelphia 76ers,94,Atlanta Hawks,112,0,State Farm Arena
Mon Jan 11 2021,Toronto Raptors,111,Portland Trail Blazers,112,0,Moda Center
Mon Jan 11 2021,Indiana Pacers,122,Sacramento Kings,127,0,Golden 1 Center
Tue Jan 12 2021,Miami Heat,134,Philadelphia 76ers,137,0,Wells Fargo Center
Tue Jan 12 2021,Denver Nuggets,116,Brooklyn Nets,122,0,Barclays Center
Tue Jan 12 2021,Utah Jazz,117,Cleveland Cavaliers,87,1944,Rocket Mortgage Fieldhouse
Tue Jan 12 2021,Los Angeles Lakers,117,Houston Rockets,100,3221,Toyota Center
Tue Jan 12 2021,San Antonio Spurs,112,Oklahoma City Thunder,102,0,Chesapeake Energy Arena
Tue Jan 12 2021,Indiana Pacers,104,Golden State Warriors,95,0,Chase Center
Wed Jan 13 2021,Dallas Mavericks,104,Charlotte Hornets,93,0,Spectrum Center
Wed Jan 13 2021,Milwaukee Bucks,110,Detroit Pistons,101,0,Little Caesars Arena
Wed Jan 13 2021,Brooklyn Nets,116,New York Knicks,109,0,Madison Square Garden (IV)
Wed Jan 13 2021,Memphis Grizzlies,118,Minnesota Timberwolves,107,0,Target Center
Wed Jan 13 2021,Los Angeles Lakers,128,Oklahoma City Thunder,99,0,Chesapeake Energy Arena
Wed Jan 13 2021,New Orleans Pelicans,106,Los Angeles Clippers,111,0,STAPLES Center
Wed Jan 13 2021,Portland Trail Blazers,132,Sacramento Kings,126,0,Golden 1 Center
Thu Jan 14 2021,Miami Heat,108,Philadelphia 76ers,125,0,Wells Fargo Center
Thu Jan 14 2021,Houston Rockets,109,San Antonio Spurs,105,0,AT&T Center
Thu Jan 14 2021,Charlotte Hornets,108,Toronto Raptors,111,0,Amalie Arena
Thu Jan 14 2021,Golden State Warriors,104,Denver Nuggets,114,0,Ball Arena
Thu Jan 14 2021,Indiana Pacers,111,Portland Trail Blazers,87,0,Moda Center
Fri Jan 15 2021,Orlando Magic,97,Boston Celtics,124,0,TD Garden
Fri Jan 15 2021,New York Knicks,103,Cleveland Cavaliers,106,1944,Rocket Mortgage Fieldhouse
Fri Jan 15 2021,Dallas Mavericks,109,Milwaukee Bucks,112,0,Fiserv Forum
Fri Jan 15 2021,Chicago Bulls,125,Oklahoma City Thunder,127,0,Chesapeake Energy Arena
Fri Jan 15 2021,Atlanta Hawks,92,Utah Jazz,116,1932,Vivint Smart Home Arena
Fri Jan 15 2021,New Orleans Pelicans,95,Los Angeles Lakers,112,0,STAPLES Center
Fri Jan 15 2021,Los Angeles Clippers,138,Sacramento Kings,100,0,Golden 1 Center
Sat Jan 16 2021,Houston Rockets,91,San Antonio Spurs,103,0,AT&T Center
Sat Jan 16 2021,Orlando Magic,115,Brooklyn Nets,122,0,Barclays Center
Sat Jan 16 2021,Charlotte Hornets,113,Toronto Raptors,116,0,Amalie Arena
Sat Jan 16 2021,Philadelphia 76ers,104,Memphis Grizzlies,106,206,FedEx Forum
Sat Jan 16 2021,Detroit Pistons,120,Miami Heat,100,0,AmericanAirlines Arena
Sat Jan 16 2021,Atlanta Hawks,106,Portland Trail Blazers,112,0,Moda Center
Sun Jan 17 2021,New York Knicks,105,Boston Celtics,75,0,TD Garden
Sun Jan 17 2021,Chicago Bulls,117,Dallas Mavericks,101,0,American Airlines Center
Sun Jan 17 2021,Utah Jazz,109,Denver Nuggets,105,0,Ball Arena
Sun Jan 17 2021,New Orleans Pelicans,128,Sacramento Kings,123,0,Golden 1 Center
Sun Jan 17 2021,Indiana Pacers,96,Los Angeles Clippers,129,0,STAPLES Center
Mon Jan 18 2021,Orlando Magic,84,New York Knicks,91,0,Madison Square Garden (IV)
Mon Jan 18 2021,Minnesota Timberwolves,97,Atlanta Hawks,108,0,State Farm Arena
Mon Jan 18 2021,San Antonio Spurs,125,Portland Trail Blazers,104,0,Moda Center
Mon Jan 18 2021,Phoenix Suns,104,Memphis Grizzlies,108,204,FedEx Forum
Mon Jan 18 2021,Milwaukee Bucks,123,Brooklyn Nets,125,0,Barclays Center
Mon Jan 18 2021,Dallas Mavericks,93,Toronto Raptors,116,0,Amalie Arena
Mon Jan 18 2021,Houston Rockets,120,Chicago Bulls,125,0,United Center
Mon Jan 18 2021,Detroit Pistons,107,Miami Heat,113,0,AmericanAirlines Arena
Mon Jan 18 2021,Golden State Warriors,115,Los Angeles Lakers,113,0,STAPLES Center
Tue Jan 19 2021,Oklahoma City Thunder,101,Denver Nuggets,119,0,Ball Arena
Tue Jan 19 2021,New Orleans Pelicans,102,Utah Jazz,118,1932,Vivint Smart Home Arena
Wed Jan 20 2021,Brooklyn Nets,135,Cleveland Cavaliers,147,1944,Rocket Mortgage Fieldhouse
Wed Jan 20 2021,Dallas Mavericks,124,Indiana Pacers,112,0,Bankers Life Fieldhouse
Wed Jan 20 2021,Boston Celtics,109,Philadelphia 76ers,117,0,Wells Fargo Center
Wed Jan 20 2021,Detroit Pistons,115,Atlanta Hawks,123,0,State Farm Arena
Wed Jan 20 2021,Miami Heat,111,Toronto Raptors,102,0,Amalie Arena
Wed Jan 20 2021,Orlando Magic,97,Minnesota Timberwolves,96,0,Target Center
Wed Jan 20 2021,Phoenix Suns,109,Houston Rockets,103,3022,Toyota Center
Wed Jan 20 2021,San Antonio Spurs,99,Golden State Warriors,121,0,Chase Center
Wed Jan 20 2021,Sacramento Kings,96,Los Angeles Clippers,115,0,STAPLES Center
Thu Jan 21 2021,Los Angeles Lakers,113,Milwaukee Bucks,106,0,Fiserv Forum
Thu Jan 21 2021,New York Knicks,119,Golden State Warriors,104,0,Chase Center
Thu Jan 21 2021,New Orleans Pelicans,118,Utah Jazz,129,1932,Vivint Smart Home Arena
Fri Jan 22 2021,Chicago Bulls,123,Charlotte Hornets,110,0,Spectrum Center
Fri Jan 22 2021,Houston Rockets,103,Detroit Pistons,102,0,Little Caesars Arena
Fri Jan 22 2021,Orlando Magic,118,Indiana Pacers,120,0,Bankers Life Fieldhouse
Fri Jan 22 2021,Brooklyn Nets,113,Cleveland Cavaliers,125,1944,Rocket Mortgage Fieldhouse
Fri Jan 22 2021,Boston Celtics,110,Philadelphia 76ers,122,0,Wells Fargo Center
Fri Jan 22 2021,Miami Heat,81,Toronto Raptors,101,0,Amalie Arena
Fri Jan 22 2021,Atlanta Hawks,116,Minnesota Timberwolves,98,0,Target Center
Fri Jan 22 2021,Dallas Mavericks,122,San Antonio Spurs,117,0,AT&T Center
Fri Jan 22 2021,Oklahoma City Thunder,106,Los Angeles Clippers,120,0,STAPLES Center
Fri Jan 22 2021,Denver Nuggets,130,Phoenix Suns,126,0,Phoenix Suns Arena
Fri Jan 22 2021,New York Knicks,94,Sacramento Kings,103,0,Golden 1 Center
Sat Jan 23 2021,Miami Heat,124,Brooklyn Nets,128,0,Barclays Center
Sat Jan 23 2021,Philadelphia 76ers,114,Detroit Pistons,110,0,Little Caesars Arena
Sat Jan 23 2021,New Orleans Pelicans,110,Minnesota Timberwolves,120,0,Target Center
Sat Jan 23 2021,Los Angeles Lakers,101,Chicago Bulls,90,0,United Center
Sat Jan 23 2021,Houston Rockets,133,Dallas Mavericks,108,0,American Airlines Center
Sat Jan 23 2021,Denver Nuggets,120,Phoenix Suns,112,0,Phoenix Suns Arena
Sat Jan 23 2021,Golden State Warriors,108,Utah Jazz,127,1932,Vivint Smart Home Arena
Sun Jan 24 2021,Toronto Raptors,107,Indiana Pacers,102,0,Bankers Life Fieldhouse
Sun Jan 24 2021,Oklahoma City Thunder,100,Los Angeles Clippers,108,0,STAPLES Center
Sun Jan 24 2021,Cleveland Cavaliers,103,Boston Celtics,141,0,TD Garden
Sun Jan 24 2021,Charlotte Hornets,107,Orlando Magic,104,3507,Amway Center
Sun Jan 24 2021,Atlanta Hawks,115,Milwaukee Bucks,129,0,Fiserv Forum
Sun Jan 24 2021,Washington Wizards,101,San Antonio Spurs,121,0,AT&T Center
Sun Jan 24 2021,New York Knicks,113,Portland Trail Blazers,116,0,Moda Center
Mon Jan 25 2021,Philadelphia 76ers,104,Detroit Pistons,119,0,Little Caesars Arena
Mon Jan 25 2021,Toronto Raptors,114,Indiana Pacers,129,0,Bankers Life Fieldhouse
Mon Jan 25 2021,Charlotte Hornets,108,Orlando Magic,117,3167,Amway Center
Mon Jan 25 2021,Miami Heat,85,Brooklyn Nets,98,0,Barclays Center
Mon Jan 25 2021,Los Angeles Lakers,115,Cleveland Cavaliers,108,0,Rocket Mortgage Fieldhouse
Mon Jan 25 2021,Denver Nuggets,117,Dallas Mavericks,113,0,American Airlines Center
Mon Jan 25 2021,Boston Celtics,119,Chicago Bulls,103,0,United Center
Mon Jan 25 2021,Minnesota Timberwolves,108,Golden State Warriors,130,0,Chase Center
Mon Jan 25 2021,Oklahoma City Thunder,125,Portland Trail Blazers,122,0,Moda Center
Tue Jan 26 2021,Los Angeles Clippers,99,Atlanta Hawks,108,1180,State Farm Arena
Tue Jan 26 2021,Washington Wizards,88,Houston Rockets,107,2996,Toyota Center
Tue Jan 26 2021,New York Knicks,94,Utah Jazz,108,1932,Vivint Smart Home Arena
Wed Jan 27 2021,Indiana Pacers,116,Charlotte Hornets,106,0,Spectrum Center
Wed Jan 27 2021,Detroit Pistons,107,Cleveland Cavaliers,122,1944,Rocket Mortgage Fieldhouse
Wed Jan 27 2021,Sacramento Kings,121,Orlando Magic,107,3216,Amway Center
Wed Jan 27 2021,Brooklyn Nets,132,Atlanta Hawks,128,1008,State Farm Arena
Wed Jan 27 2021,Denver Nuggets,109,Miami Heat,82,0,AmericanAirlines Arena
Wed Jan 27 2021,Los Angeles Lakers,106,Philadelphia 76ers,107,0,Wells Fargo Center
Wed Jan 27 2021,Milwaukee Bucks,115,Toronto Raptors,108,0,Amalie Arena
Wed Jan 27 2021,Boston Celtics,106,San Antonio Spurs,110,0,AT&T Center
Wed Jan 27 2021,Washington Wizards,106,New Orleans Pelicans,124,750,Smoothie King Center
Wed Jan 27 2021,Oklahoma City Thunder,102,Phoenix Suns,97,0,Phoenix Suns Arena
Wed Jan 27 2021,Dallas Mavericks,104,Utah Jazz,116,0,Vivint Smart Home Arena
Wed Jan 27 2021,Minnesota Timberwolves,111,Golden State Warriors,123,0,Chase Center
Thu Jan 28 2021,Portland Trail Blazers,101,Houston Rockets,104,3154,Toyota Center
Thu Jan 28 2021,Los Angeles Lakers,92,Detroit Pistons,107,0,Little Caesars Arena
Thu Jan 28 2021,Los Angeles Clippers,109,Miami Heat,105,0,AmericanAirlines Arena
Thu Jan 28 2021,Golden State Warriors,93,Phoenix Suns,114,0,Phoenix Suns Arena
Fri Jan 29 2021,Indiana Pacers,105,Charlotte Hornets,108,0,Spectrum Center
Fri Jan 29 2021,Atlanta Hawks,116,Washington Wizards,100,0,Capital One Arena
Fri Jan 29 2021,Milwaukee Bucks,126,New Orleans Pelicans,131,1440,Smoothie King Center
Fri Jan 29 2021,Cleveland Cavaliers,81,New York Knicks,102,0,Madison Square Garden (IV)
Fri Jan 29 2021,Sacramento Kings,126,Toronto Raptors,124,0,Amalie Arena
Fri Jan 29 2021,Philadelphia 76ers,118,Minnesota Timberwolves,94,0,Target Center
Fri Jan 29 2021,Brooklyn Nets,147,Oklahoma City Thunder,125,0,Chesapeake Energy Arena
Fri Jan 29 2021,Los Angeles Clippers,116,Orlando Magic,90,3763,Amway Center
Fri Jan 29 2021,Denver Nuggets,109,San Antonio Spurs,119,0,AT&T Center
Fri Jan 29 2021,Dallas Mavericks,101,Utah Jazz,120,1932,Vivint Smart Home Arena
Sat Jan 30 2021,Portland Trail Blazers,123,Chicago Bulls,122,0,United Center
Sat Jan 30 2021,Milwaukee Bucks,114,Charlotte Hornets,126,0,Spectrum Center
Sat Jan 30 2021,Sacramento Kings,104,Miami Heat,105,0,AmericanAirlines Arena
Sat Jan 30 2021,Houston Rockets,126,New Orleans Pelicans,112,1440,Smoothie King Center
Sat Jan 30 2021,Los Angeles Lakers,96,Boston Celtics,95,0,TD Garden
Sat Jan 30 2021,Memphis Grizzlies,129,San Antonio Spurs,112,0,AT&T Center
Sat Jan 30 2021,Phoenix Suns,111,Dallas Mavericks,105,0,American Airlines Center
Sat Jan 30 2021,Detroit Pistons,91,Golden State Warriors,118,0,Chase Center
Sun Jan 31 2021,Los Angeles Clippers,129,New York Knicks,115,0,Madison Square Garden (IV)
Sun Jan 31 2021,Utah Jazz,117,Denver Nuggets,128,0,Ball Arena
Sun Jan 31 2021,Philadelphia 76ers,119,Indiana Pacers,110,0,Bankers Life Fieldhouse
Sun Jan 31 2021,Orlando Magic,102,Toronto Raptors,115,0,Amalie Arena
Sun Jan 31 2021,Brooklyn Nets,146,Washington Wizards,149,0,Capital One Arena
Sun Jan 31 2021,Cleveland Cavaliers,104,Minnesota Timberwolves,109,0,Target Center
Mon Feb 1 2021,Los Angeles Lakers,107,Atlanta Hawks,99,1341,State Farm Arena
Mon Feb 1 2021,Charlotte Hornets,129,Miami Heat,121,0,AmericanAirlines Arena
Mon Feb 1 2021,New York Knicks,102,Chicago Bulls,110,0,United Center
Mon Feb 1 2021,Minnesota Timberwolves,98,Cleveland Cavaliers,100,0,Rocket Mortgage Fieldhouse
Mon Feb 1 2021,Portland Trail Blazers,106,Milwaukee Bucks,134,0,Fiserv Forum
Mon Feb 1 2021,Sacramento Kings,118,New Orleans Pelicans,109,1440,Smoothie King Center
Mon Feb 1 2021,Houston Rockets,136,Oklahoma City Thunder,106,0,Chesapeake Energy Arena
Mon Feb 1 2021,Phoenix Suns,109,Dallas Mavericks,108,0,American Airlines Center
Mon Feb 1 2021,Memphis Grizzlies,133,San Antonio Spurs,102,0,AT&T Center
Tue Feb 2 2021,Toronto Raptors,123,Orlando Magic,108,3211,Amway Center
Tue Feb 2 2021,Los Angeles Clippers,120,Brooklyn Nets,124,0,Barclays Center
Tue Feb 2 2021,Memphis Grizzlies,116,Indiana Pacers,134,0,Bankers Life Fieldhouse
Tue Feb 2 2021,Portland Trail Blazers,132,Washington Wizards,121,0,Capital One Arena
Tue Feb 2 2021,Boston Celtics,111,Golden State Warriors,107,0,Chase Center
Tue Feb 2 2021,Detroit Pistons,105,Utah Jazz,117,3902,Vivint Smart Home Arena
Wed Feb 3 2021,Philadelphia 76ers,118,Charlotte Hornets,111,0,Spectrum Center
Wed Feb 3 2021,Indiana Pacers,110,Milwaukee Bucks,130,0,Fiserv Forum
Wed Feb 3 2021,Dallas Mavericks,122,Atlanta Hawks,116,1259,State Farm Arena
Wed Feb 3 2021,New York Knicks,107,Chicago Bulls,103,0,United Center
Wed Feb 3 2021,Los Angeles Clippers,121,Cleveland Cavaliers,99,1944,Rocket Mortgage Fieldhouse
Wed Feb 3 2021,Washington Wizards,103,Miami Heat,100,0,AmericanAirlines Arena
Wed Feb 3 2021,Houston Rockets,87,Oklahoma City Thunder,104,0,Chesapeake Energy Arena
Wed Feb 3 2021,Minnesota Timberwolves,108,San Antonio Spurs,111,0,AT&T Center
Wed Feb 3 2021,Phoenix Suns,101,New Orleans Pelicans,123,1440,Smoothie King Center
Wed Feb 3 2021,Boston Celtics,111,Sacramento Kings,116,0,Golden 1 Center
Thu Feb 4 2021,Utah Jazz,112,Atlanta Hawks,91,1261,State Farm Arena
Thu Feb 4 2021,Golden State Warriors,147,Dallas Mavericks,116,0,American Airlines Center
Thu Feb 4 2021,Portland Trail Blazers,121,Philadelphia 76ers,105,0,Wells Fargo Center
Thu Feb 4 2021,Houston Rockets,115,Memphis Grizzlies,103,1762,FedEx Forum
Thu Feb 4 2021,Denver Nuggets,93,Los Angeles Lakers,114,0,STAPLES Center
Fri Feb 5 2021,New Orleans Pelicans,114,Indiana Pacers,113,0,Bankers Life Fieldhouse
Fri Feb 5 2021,Chicago Bulls,119,Orlando Magic,123,3535,Amway Center
Fri Feb 5 2021,Toronto Raptors,123,Brooklyn Nets,117,0,Barclays Center
Fri Feb 5 2021,Milwaukee Bucks,123,Cleveland Cavaliers,105,2720,Rocket Mortgage Fieldhouse
Fri Feb 5 2021,Utah Jazz,138,Charlotte Hornets,121,0,Spectrum Center
Fri Feb 5 2021,Washington Wizards,95,Miami Heat,122,0,AmericanAirlines Arena
Fri Feb 5 2021,Minnesota Timberwolves,106,Oklahoma City Thunder,103,0,Chesapeake Energy Arena
Fri Feb 5 2021,Detroit Pistons,92,Phoenix Suns,109,0,Phoenix Suns Arena
Fri Feb 5 2021,Boston Celtics,119,Los Angeles Clippers,115,0,STAPLES Center
Sat Feb 6 2021,Portland Trail Blazers,99,New York Knicks,110,0,Madison Square Garden (IV)
Sat Feb 6 2021,Denver Nuggets,114,Sacramento Kings,119,0,Golden 1 Center
Sat Feb 6 2021,Chicago Bulls,118,Orlando Magic,92,3880,Amway Center
Sat Feb 6 2021,Toronto Raptors,121,Atlanta Hawks,132,991,State Farm Arena
Sat Feb 6 2021,Milwaukee Bucks,124,Cleveland Cavaliers,99,2720,Rocket Mortgage Fieldhouse
Sat Feb 6 2021,San Antonio Spurs,111,Houston Rockets,106,3313,Toyota Center
Sat Feb 6 2021,Minnesota Timberwolves,118,Oklahoma City Thunder,120,0,Chesapeake Energy Arena
Sat Feb 6 2021,Brooklyn Nets,108,Philadelphia 76ers,124,0,Wells Fargo Center
Sat Feb 6 2021,Golden State Warriors,132,Dallas Mavericks,134,0,American Airlines Center
Sat Feb 6 2021,Memphis Grizzlies,109,New Orleans Pelicans,118,1440,Smoothie King Center
Sat Feb 6 2021,Detroit Pistons,129,Los Angeles Lakers,135,0,STAPLES Center
Sun Feb 7 2021,Washington Wizards,97,Charlotte Hornets,119,0,Spectrum Center
Sun Feb 7 2021,Utah Jazz,103,Indiana Pacers,95,0,Bankers Life Fieldhouse
Sun Feb 7 2021,Miami Heat,109,New York Knicks,103,0,Madison Square Garden (IV)
Sun Feb 7 2021,Boston Celtics,91,Phoenix Suns,100,1493,Phoenix Suns Arena
Sun Feb 7 2021,Sacramento Kings,113,Los Angeles Clippers,110,0,STAPLES Center
Mon Feb 8 2021,Houston Rockets,94,Charlotte Hornets,119,0,Spectrum Center
Mon Feb 8 2021,Washington Wizards,105,Chicago Bulls,101,0,United Center
Mon Feb 8 2021,Toronto Raptors,128,Memphis Grizzlies,113,1844,FedEx Forum
Mon Feb 8 2021,Minnesota Timberwolves,122,Dallas Mavericks,127,1000,American Airlines Center
Mon Feb 8 2021,Golden State Warriors,100,San Antonio Spurs,105,0,AT&T Center
Mon Feb 8 2021,Cleveland Cavaliers,113,Phoenix Suns,119,1485,Phoenix Suns Arena
Mon Feb 8 2021,Milwaukee Bucks,125,Denver Nuggets,112,0,Ball Arena
Mon Feb 8 2021,Oklahoma City Thunder,112,Los Angeles Lakers,119,0,STAPLES Center
Tue Feb 9 2021,Brooklyn Nets,111,Detroit Pistons,122,0,Little Caesars Arena
Tue Feb 9 2021,New York Knicks,96,Miami Heat,98,0,AmericanAirlines Arena
Tue Feb 9 2021,Houston Rockets,101,New Orleans Pelicans,130,1900,Smoothie King Center
Tue Feb 9 2021,Golden State Warriors,114,San Antonio Spurs,91,0,AT&T Center
Tue Feb 9 2021,Orlando Magic,97,Portland Trail Blazers,106,0,Moda Center
Tue Feb 9 2021,Philadelphia 76ers,119,Sacramento Kings,111,0,Golden 1 Center
Tue Feb 9 2021,Boston Celtics,108,Utah Jazz,122,3902,Vivint Smart Home Arena
Wed Feb 10 2021,Toronto Raptors,137,Washington Wizards,115,0,Capital One Arena
Wed Feb 10 2021,Atlanta Hawks,117,Dallas Mavericks,118,1000,American Airlines Center
Wed Feb 10 2021,Indiana Pacers,94,Brooklyn Nets,104,0,Barclays Center
Wed Feb 10 2021,Charlotte Hornets,114,Memphis Grizzlies,130,1830,FedEx Forum
Wed Feb 10 2021,Los Angeles Clippers,119,Minnesota Timberwolves,112,0,Target Center
Wed Feb 10 2021,New Orleans Pelicans,116,Chicago Bulls,129,0,United Center
Wed Feb 10 2021,Cleveland Cavaliers,95,Denver Nuggets,133,0,Ball Arena
Wed Feb 10 2021,Oklahoma City Thunder,113,Los Angeles Lakers,114,0,STAPLES Center
Wed Feb 10 2021,Milwaukee Bucks,124,Phoenix Suns,125,1491,Phoenix Suns Arena
Thu Feb 11 2021,Toronto Raptors,106,Boston Celtics,120,0,TD Garden
Thu Feb 11 2021,Miami Heat,101,Houston Rockets,94,3251,Toyota Center
Thu Feb 11 2021,Indiana Pacers,111,Detroit Pistons,95,0,Little Caesars Arena
Thu Feb 11 2021,Orlando Magic,105,Golden State Warriors,111,0,Chase Center
Thu Feb 11 2021,Philadelphia 76ers,114,Portland Trail Blazers,118,0,Moda Center
Fri Feb 12 2021,Minnesota Timberwolves,114,Charlotte Hornets,120,0,Spectrum Center
Fri Feb 12 2021,New York Knicks,109,Washington Wizards,91,0,Capital One Arena
Fri Feb 12 2021,San Antonio Spurs,125,Atlanta Hawks,114,1451,State Farm Arena
Fri Feb 12 2021,New Orleans Pelicans,130,Dallas Mavericks,143,1514,American Airlines Center
Fri Feb 12 2021,Detroit Pistons,108,Boston Celtics,102,0,TD Garden
Fri Feb 12 2021,Los Angeles Clippers,125,Chicago Bulls,106,0,United Center
Fri Feb 12 2021,Oklahoma City Thunder,95,Denver Nuggets,97,0,Ball Arena
Fri Feb 12 2021,Milwaukee Bucks,115,Utah Jazz,129,3902,Vivint Smart Home Arena
Fri Feb 12 2021,Memphis Grizzlies,105,Los Angeles Lakers,115,0,STAPLES Center
Fri Feb 12 2021,Cleveland Cavaliers,110,Portland Trail Blazers,129,0,Moda Center
Fri Feb 12 2021,Orlando Magic,123,Sacramento Kings,112,0,Golden 1 Center
Sat Feb 13 2021,Philadelphia 76ers,111,Phoenix Suns,120,1652,Phoenix Suns Arena
Sat Feb 13 2021,Indiana Pacers,125,Atlanta Hawks,113,1393,State Farm Arena
Sat Feb 13 2021,Houston Rockets,99,New York Knicks,121,0,Madison Square Garden (IV)
Sat Feb 13 2021,Brooklyn Nets,134,Golden State Warriors,117,0,Chase Center
Sat Feb 13 2021,Miami Heat,94,Utah Jazz,112,3902,Vivint Smart Home Arena
Sun Feb 14 2021,Boston Celtics,91,Washington Wizards,104,0,Capital One Arena
Sun Feb 14 2021,San Antonio Spurs,122,Charlotte Hornets,110,0,Spectrum Center
Sun Feb 14 2021,New Orleans Pelicans,112,Detroit Pistons,123,0,Little Caesars Arena
Sun Feb 14 2021,Minnesota Timberwolves,116,Toronto Raptors,112,0,Amalie Arena
Sun Feb 14 2021,Portland Trail Blazers,121,Dallas Mavericks,118,2211,American Airlines Center
Sun Feb 14 2021,Milwaukee Bucks,109,Oklahoma City Thunder,114,0,Chesapeake Energy Arena
Sun Feb 14 2021,Orlando Magic,90,Phoenix Suns,109,1732,Phoenix Suns Arena
Sun Feb 14 2021,Los Angeles Lakers,105,Denver Nuggets,122,0,Ball Arena
Sun Feb 14 2021,Cleveland Cavaliers,111,Los Angeles Clippers,128,0,STAPLES Center
Sun Feb 14 2021,Memphis Grizzlies,124,Sacramento Kings,110,0,Golden 1 Center
Mon Feb 15 2021,Chicago Bulls,120,Indiana Pacers,112,0,Bankers Life Fieldhouse
Mon Feb 15 2021,Houston Rockets,119,Washington Wizards,131,0,Capital One Arena
Mon Feb 15 2021,Atlanta Hawks,112,New York Knicks,123,0,Madison Square Garden (IV)
Mon Feb 15 2021,Philadelphia 76ers,123,Utah Jazz,134,3902,Vivint Smart Home Arena
Mon Feb 15 2021,Cleveland Cavaliers,98,Golden State Warriors,129,,Chase Center
Mon Feb 15 2021,Miami Heat,118,Los Angeles Clippers,125,0,STAPLES Center
Mon Feb 15 2021,Brooklyn Nets,136,Sacramento Kings,125,0,Golden 1 Center
Tue Feb 16 2021,Denver Nuggets,99,Boston Celtics,112,0,TD Garden
Tue Feb 16 2021,New Orleans Pelicans,144,Memphis Grizzlies,113,1982,FedEx Forum
Tue Feb 16 2021,Toronto Raptors,124,Milwaukee Bucks,113,250,Fiserv Forum
Tue Feb 16 2021,Los Angeles Lakers,112,Minnesota Timberwolves,104,0,Target Center
Tue Feb 16 2021,Portland Trail Blazers,115,Oklahoma City Thunder,104,0,Chesapeake Energy Arena
Tue Feb 16 2021,Brooklyn Nets,128,Phoenix Suns,124,3181,Phoenix Suns Arena
Wed Feb 17 2021,New York Knicks,89,Orlando Magic,107,4249,Amway Center
Wed Feb 17 2021,Atlanta Hawks,122,Boston Celtics,114,0,TD Garden
Wed Feb 17 2021,Houston Rockets,113,Philadelphia 76ers,118,0,Wells Fargo Center
Wed Feb 17 2021,Detroit Pistons,102,Chicago Bulls,105,0,United Center
Wed Feb 17 2021,Indiana Pacers,134,Minnesota Timberwolves,128,0,Target Center
Wed Feb 17 2021,Denver Nuggets,128,Washington Wizards,130,0,Capital One Arena
Wed Feb 17 2021,Oklahoma City Thunder,113,Memphis Grizzlies,122,0,FedEx Forum
Wed Feb 17 2021,Portland Trail Blazers,126,New Orleans Pelicans,124,1940,Smoothie King Center
Wed Feb 17 2021,Miami Heat,112,Golden State Warriors,120,,Chase Center
Wed Feb 17 2021,Utah Jazz,114,Los Angeles Clippers,96,,STAPLES Center
Thu Feb 18 2021,Toronto Raptors,110,Milwaukee Bucks,96,500,Fiserv Forum
Thu Feb 18 2021,Brooklyn Nets,109,Los Angeles Lakers,98,0,STAPLES Center
Thu Feb 18 2021,Miami Heat,118,Sacramento Kings,110,0,Golden 1 Center
Fri Feb 19 2021,Denver Nuggets,120,Cleveland Cavaliers,103,2720,Rocket Mortgage Fieldhouse
Fri Feb 19 2021,Golden State Warriors,120,Orlando Magic,124,4287,Amway Center
Fri Feb 19 2021,Atlanta Hawks,109,Boston Celtics,121,0,TD Garden
Fri Feb 19 2021,Chicago Bulls,105,Philadelphia 76ers,112,0,Wells Fargo Center
Fri Feb 19 2021,Detroit Pistons,95,Memphis Grizzlies,109,1795,FedEx Forum
Fri Feb 19 2021,Oklahoma City Thunder,85,Milwaukee Bucks,98,750,Fiserv Forum
Fri Feb 19 2021,Phoenix Suns,132,New Orleans Pelicans,114,1940,Smoothie King Center
Fri Feb 19 2021,Toronto Raptors,86,Minnesota Timberwolves,81,0,Target Center
Fri Feb 19 2021,Utah Jazz,112,Los Angeles Clippers,116,0,STAPLES Center
Sat Feb 20 2021,Golden State Warriors,100,Charlotte Hornets,102,0,Spectrum Center
Sat Feb 20 2021,Miami Heat,96,Los Angeles Lakers,94,0,STAPLES Center
Sat Feb 20 2021,Sacramento Kings,114,Chicago Bulls,122,0,United Center
Sat Feb 20 2021,Phoenix Suns,128,Memphis Grizzlies,97,1994,FedEx Forum
Sat Feb 20 2021,Washington Wizards,118,Portland Trail Blazers,111,0,Moda Center
Sun Feb 21 2021,Boston Celtics,115,New Orleans Pelicans,120,1940,Smoothie King Center
Sun Feb 21 2021,Oklahoma City Thunder,117,Cleveland Cavaliers,101,2720,Rocket Mortgage Fieldhouse
Sun Feb 21 2021,Minnesota Timberwolves,99,New York Knicks,103,0,Madison Square Garden (IV)
Sun Feb 21 2021,Detroit Pistons,96,Orlando Magic,105,4002,Amway Center
Sun Feb 21 2021,Philadelphia 76ers,103,Toronto Raptors,110,0,Amalie Arena
Sun Feb 21 2021,Denver Nuggets,115,Atlanta Hawks,123,1362,State Farm Arena
Sun Feb 21 2021,Brooklyn Nets,112,Los Angeles Clippers,108,,STAPLES Center
Sun Feb 21 2021,Sacramento Kings,115,Milwaukee Bucks,128,1800,Fiserv Forum
Mon Feb 22 2021,Chicago Bulls,120,Houston Rockets,100,3025,Toyota Center
Mon Feb 22 2021,Memphis Grizzlies,92,Dallas Mavericks,102,2099,American Airlines Center
Mon Feb 22 2021,Miami Heat,108,Oklahoma City Thunder,94,0,Chesapeake Energy Arena
Mon Feb 22 2021,Portland Trail Blazers,100,Phoenix Suns,132,3213,Phoenix Suns Arena
Mon Feb 22 2021,Charlotte Hornets,110,Utah Jazz,132,3902,Vivint Smart Home Arena
Mon Feb 22 2021,Washington Wizards,127,Los Angeles Lakers,124,0,STAPLES Center
Tue Feb 23 2021,Atlanta Hawks,111,Cleveland Cavaliers,112,2720,Rocket Mortgage Fieldhouse
Tue Feb 23 2021,Detroit Pistons,105,Orlando Magic,93,3631,Amway Center
Tue Feb 23 2021,Sacramento Kings,118,Brooklyn Nets,127,324,Barclays Center
Tue Feb 23 2021,Boston Celtics,107,Dallas Mavericks,110,3338,American Airlines Center
Tue Feb 23 2021,Golden State Warriors,114,New York Knicks,106,1981,Madison Square Garden (IV)
Tue Feb 23 2021,Philadelphia 76ers,109,Toronto Raptors,102,0,Amalie Arena
Tue Feb 23 2021,Minnesota Timberwolves,112,Milwaukee Bucks,139,1800,Fiserv Forum
Tue Feb 23 2021,Portland Trail Blazers,106,Denver Nuggets,111,0,Ball Arena
Tue Feb 23 2021,Washington Wizards,116,Los Angeles Clippers,135,0,STAPLES Center
Wed Feb 24 2021,Boston Celtics,112,Atlanta Hawks,127,1537,State Farm Arena
Wed Feb 24 2021,Houston Rockets,96,Cleveland Cavaliers,112,2720,Rocket Mortgage Fieldhouse
Wed Feb 24 2021,Golden State Warriors,111,Indiana Pacers,107,0,Bankers Life Fieldhouse
Wed Feb 24 2021,Minnesota Timberwolves,126,Chicago Bulls,133,0,United Center
Wed Feb 24 2021,Toronto Raptors,108,Miami Heat,116,0,AmericanAirlines Arena
Wed Feb 24 2021,Detroit Pistons,118,New Orleans Pelicans,128,2700,Smoothie King Center
Wed Feb 24 2021,San Antonio Spurs,99,Oklahoma City Thunder,102,0,Chesapeake Energy Arena
Wed Feb 24 2021,Charlotte Hornets,124,Phoenix Suns,121,3296,Phoenix Suns Arena
Wed Feb 24 2021,Los Angeles Lakers,89,Utah Jazz,114,4912,Vivint Smart Home Arena
Thu Feb 25 2021,Dallas Mavericks,97,Philadelphia 76ers,111,0,Wells Fargo Center
Thu Feb 25 2021,Orlando Magic,92,Brooklyn Nets,129,327,Barclays Center
Thu Feb 25 2021,Sacramento Kings,121,New York Knicks,140,1981,Madison Square Garden (IV)
Thu Feb 25 2021,Los Angeles Clippers,94,Memphis Grizzlies,122,1896,FedEx Forum
Thu Feb 25 2021,Washington Wizards,112,Denver Nuggets,110,0,Ball Arena
Thu Feb 25 2021,New Orleans Pelicans,125,Milwaukee Bucks,129,1800,Fiserv Forum
Fri Feb 26 2021,Indiana Pacers,112,Boston Celtics,118,0,TD Garden
Fri Feb 26 2021,Houston Rockets,111,Toronto Raptors,122,0,Amalie Arena
Fri Feb 26 2021,Phoenix Suns,106,Chicago Bulls,97,0,United Center
Fri Feb 26 2021,Sacramento Kings,110,Detroit Pistons,107,0,Little Caesars Arena
Fri Feb 26 2021,Los Angeles Clippers,119,Memphis Grizzlies,99,2039,FedEx Forum
Fri Feb 26 2021,Utah Jazz,116,Miami Heat,124,0,AmericanAirlines Arena
Fri Feb 26 2021,Atlanta Hawks,109,Oklahoma City Thunder,118,0,Chesapeake Energy Arena
Fri Feb 26 2021,Charlotte Hornets,121,Golden State Warriors,130,0,Chase Center
Fri Feb 26 2021,Portland Trail Blazers,93,Los Angeles Lakers,102,0,STAPLES Center
Sat Feb 27 2021,Cleveland Cavaliers,112,Philadelphia 76ers,109,0,Wells Fargo Center
Sat Feb 27 2021,Minnesota Timberwolves,112,Washington Wizards,128,0,Capital One Arena
Sat Feb 27 2021,Indiana Pacers,107,New York Knicks,110,1981,Madison Square Garden (IV)
Sat Feb 27 2021,Denver Nuggets,126,Oklahoma City Thunder,96,0,Chesapeake Energy Arena
Sat Feb 27 2021,Utah Jazz,124,Orlando Magic,109,4242,Amway Center
Sat Feb 27 2021,New Orleans Pelicans,114,San Antonio Spurs,117,0,AT&T Center
Sat Feb 27 2021,Dallas Mavericks,115,Brooklyn Nets,98,684,Barclays Center
Sun Feb 28 2021,Los Angeles Clippers,100,Milwaukee Bucks,105,1800,Fiserv Forum
Sun Feb 28 2021,Washington Wizards,110,Boston Celtics,111,0,TD Garden
Sun Feb 28 2021,New York Knicks,109,Detroit Pistons,90,0,Little Caesars Arena
Sun Feb 28 2021,Memphis Grizzlies,133,Houston Rockets,84,3284,Toyota Center
Sun Feb 28 2021,Golden State Warriors,91,Los Angeles Lakers,117,0,STAPLES Center
Sun Feb 28 2021,Atlanta Hawks,99,Miami Heat,109,0,AmericanAirlines Arena
Sun Feb 28 2021,Phoenix Suns,118,Minnesota Timberwolves,99,0,Target Center
Sun Feb 28 2021,Charlotte Hornets,127,Sacramento Kings,126,0,Golden 1 Center
Mon Mar 1 2021,Dallas Mavericks,130,Orlando Magic,124,3766,Amway Center
Mon Mar 1 2021,Indiana Pacers,114,Philadelphia 76ers,130,0,Wells Fargo Center
Mon Mar 1 2021,Denver Nuggets,118,Chicago Bulls,112,0,United Center
Mon Mar 1 2021,Utah Jazz,124,New Orleans Pelicans,129,2700,Smoothie King Center
Mon Mar 1 2021,Brooklyn Nets,124,San Antonio Spurs,113,0,AT&T Center
Mon Mar 1 2021,Cleveland Cavaliers,101,Houston Rockets,90,3046,Toyota Center
Mon Mar 1 2021,Charlotte Hornets,111,Portland Trail Blazers,123,0,Moda Center
Tue Mar 2 2021,Memphis Grizzlies,125,Washington Wizards,111,0,Capital One Arena
Tue Mar 2 2021,Los Angeles Clippers,112,Boston Celtics,117,0,TD Garden
Tue Mar 2 2021,Atlanta Hawks,94,Miami Heat,80,0,AmericanAirlines Arena
Tue Mar 2 2021,New York Knicks,93,San Antonio Spurs,119,0,AT&T Center
Tue Mar 2 2021,Denver Nuggets,128,Milwaukee Bucks,97,1800,Fiserv Forum
Tue Mar 2 2021,Phoenix Suns,114,Los Angeles Lakers,104,0,STAPLES Center
Wed Mar 3 2021,Indiana Pacers,114,Cleveland Cavaliers,111,2720,Rocket Mortgage Fieldhouse
Wed Mar 3 2021,Utah Jazz,123,Philadelphia 76ers,131,0,Wells Fargo Center
Wed Mar 3 2021,Detroit Pistons,129,Toronto Raptors,105,0,Amalie Arena
Wed Mar 3 2021,Brooklyn Nets,132,Houston Rockets,114,3615,Toyota Center
Wed Mar 3 2021,Charlotte Hornets,135,Minnesota Timberwolves,102,0,Target Center
Wed Mar 3 2021,Chicago Bulls,128,New Orleans Pelicans,124,2700,Smoothie King Center
Wed Mar 3 2021,Atlanta Hawks,115,Orlando Magic,112,3969,Amway Center
Wed Mar 3 2021,Oklahoma City Thunder,78,Dallas Mavericks,87,3508,American Airlines Center
Wed Mar 3 2021,Golden State Warriors,106,Portland Trail Blazers,108,0,Moda Center
Wed Mar 3 2021,Los Angeles Lakers,120,Sacramento Kings,123,0,Golden 1 Center
Thu Mar 4 2021,Toronto Raptors,125,Boston Celtics,132,0,TD Garden
Thu Mar 4 2021,Los Angeles Clippers,117,Washington Wizards,119,0,Capital One Arena
Thu Mar 4 2021,Detroit Pistons,104,New York Knicks,114,1981,Madison Square Garden (IV)
Thu Mar 4 2021,Denver Nuggets,113,Indiana Pacers,103,0,Bankers Life Fieldhouse
Thu Mar 4 2021,Milwaukee Bucks,112,Memphis Grizzlies,111,1961,FedEx Forum
Thu Mar 4 2021,Miami Heat,103,New Orleans Pelicans,93,2700,Smoothie King Center
Thu Mar 4 2021,Oklahoma City Thunder,107,San Antonio Spurs,102,1000,AT&T Center
Thu Mar 4 2021,Golden State Warriors,98,Phoenix Suns,120,3233,Phoenix Suns Arena
Thu Mar 4 2021,Sacramento Kings,119,Portland Trail Blazers,123,0,Moda Center
Wed Mar 10 2021,Washington Wizards,112,Memphis Grizzlies,127,1912,FedEx Forum
Wed Mar 10 2021,San Antonio Spurs,104,Dallas Mavericks,115,3813,American Airlines Center
Thu Mar 11 2021,Detroit Pistons,102,Charlotte Hornets,105,0,Spectrum Center
Thu Mar 11 2021,Boston Celtics,109,Brooklyn Nets,121,1374,Barclays Center
Thu Mar 11 2021,Atlanta Hawks,121,Toronto Raptors,120,0,Amalie Arena
Thu Mar 11 2021,Philadelphia 76ers,127,Chicago Bulls,105,0,United Center
Thu Mar 11 2021,Orlando Magic,103,Miami Heat,111,0,AmericanAirlines Arena
Thu Mar 11 2021,New York Knicks,101,Milwaukee Bucks,134,1800,Fiserv Forum
Thu Mar 11 2021,Minnesota Timberwolves,135,New Orleans Pelicans,105,3700,Smoothie King Center
Thu Mar 11 2021,Dallas Mavericks,108,Oklahoma City Thunder,116,0,Chesapeake Energy Arena
Thu Mar 11 2021,Golden State Warriors,104,Los Angeles Clippers,130,0,STAPLES Center
Thu Mar 11 2021,Phoenix Suns,127,Portland Trail Blazers,121,0,Moda Center
Thu Mar 11 2021,Houston Rockets,105,Sacramento Kings,125,0,Golden 1 Center
Fri Mar 12 2021,Denver Nuggets,103,Memphis Grizzlies,102,2160,FedEx Forum
Fri Mar 12 2021,Cleveland Cavaliers,82,New Orleans Pelicans,116,3700,Smoothie King Center
Fri Mar 12 2021,Philadelphia 76ers,127,Washington Wizards,101,0,Capital One Arena
Fri Mar 12 2021,Miami Heat,101,Chicago Bulls,90,0,United Center
Fri Mar 12 2021,Orlando Magic,77,San Antonio Spurs,104,3241,AT&T Center
Fri Mar 12 2021,Houston Rockets,99,Utah Jazz,114,5546,Vivint Smart Home Arena
Fri Mar 12 2021,Indiana Pacers,100,Los Angeles Lakers,105,0,STAPLES Center
Sat Mar 13 2021,New York Knicks,119,Oklahoma City Thunder,97,0,Chesapeake Energy Arena
Sat Mar 13 2021,Detroit Pistons,95,Brooklyn Nets,100,1364,Barclays Center
Sat Mar 13 2021,Toronto Raptors,104,Charlotte Hornets,114,2861,Spectrum Center
Sat Mar 13 2021,Milwaukee Bucks,125,Washington Wizards,119,0,Capital One Arena
Sat Mar 13 2021,Sacramento Kings,106,Atlanta Hawks,121,2347,State Farm Arena
Sat Mar 13 2021,Portland Trail Blazers,125,Minnesota Timberwolves,121,0,Target Center
Sat Mar 13 2021,Dallas Mavericks,116,Denver Nuggets,103,0,Ball Arena
Sat Mar 13 2021,Indiana Pacers,122,Phoenix Suns,111,3166,Phoenix Suns Arena
Sun Mar 14 2021,Memphis Grizzlies,122,Oklahoma City Thunder,128,0,Chesapeake Energy Arena
Sun Mar 14 2021,Utah Jazz,119,Golden State Warriors,131,0,Chase Center
Sun Mar 14 2021,San Antonio Spurs,99,Philadelphia 76ers,134,3071,Wells Fargo Center
Sun Mar 14 2021,Miami Heat,102,Orlando Magic,97,3264,Amway Center
Sun Mar 14 2021,Cleveland Cavaliers,82,Atlanta Hawks,100,2322,State Farm Arena
Sun Mar 14 2021,Boston Celtics,134,Houston Rockets,107,3264,Toyota Center
Sun Mar 14 2021,Portland Trail Blazers,112,Minnesota Timberwolves,114,0,Target Center
Sun Mar 14 2021,Toronto Raptors,95,Chicago Bulls,118,0,United Center
Sun Mar 14 2021,Los Angeles Clippers,115,New Orleans Pelicans,135,3700,Smoothie King Center
Mon Mar 15 2021,Sacramento Kings,116,Charlotte Hornets,122,2861,Spectrum Center
Mon Mar 15 2021,Milwaukee Bucks,133,Washington Wizards,122,0,Capital One Arena
Mon Mar 15 2021,New York Knicks,112,Brooklyn Nets,117,1637,Barclays Center
Mon Mar 15 2021,San Antonio Spurs,109,Detroit Pistons,99,0,Little Caesars Arena
Mon Mar 15 2021,Los Angeles Clippers,109,Dallas Mavericks,99,3945,American Airlines Center
Mon Mar 15 2021,Indiana Pacers,106,Denver Nuggets,121,0,Ball Arena
Mon Mar 15 2021,Memphis Grizzlies,99,Phoenix Suns,122,3188,Phoenix Suns Arena
Mon Mar 15 2021,Los Angeles Lakers,128,Golden State Warriors,97,0,Chase Center
Tue Mar 16 2021,Utah Jazz,117,Boston Celtics,109,0,TD Garden
Tue Mar 16 2021,Oklahoma City Thunder,102,Chicago Bulls,123,0,United Center
Tue Mar 16 2021,Atlanta Hawks,119,Houston Rockets,107,3069,Toyota Center
Tue Mar 16 2021,Cleveland Cavaliers,98,Miami Heat,113,0,AmericanAirlines Arena
Tue Mar 16 2021,New York Knicks,96,Philadelphia 76ers,99,3071,Wells Fargo Center
Tue Mar 16 2021,New Orleans Pelicans,124,Portland Trail Blazers,125,0,Moda Center
Tue Mar 16 2021,Minnesota Timberwolves,121,Los Angeles Lakers,137,0,STAPLES Center
Wed Mar 17 2021,Toronto Raptors,112,Detroit Pistons,116,750,Little Caesars Arena
Wed Mar 17 2021,Brooklyn Nets,124,Indiana Pacers,115,0,Bankers Life Fieldhouse
Wed Mar 17 2021,Milwaukee Bucks,109,Philadelphia 76ers,105,3071,Wells Fargo Center
Wed Mar 17 2021,Sacramento Kings,121,Washington Wizards,119,0,Capital One Arena
Wed Mar 17 2021,San Antonio Spurs,106,Chicago Bulls,99,0,United Center
Wed Mar 17 2021,Boston Celtics,110,Cleveland Cavaliers,117,4100,Rocket Mortgage Fieldhouse
Wed Mar 17 2021,Golden State Warriors,108,Houston Rockets,94,3259,Toyota Center
Wed Mar 17 2021,Charlotte Hornets,104,Denver Nuggets,129,0,Ball Arena
Wed Mar 17 2021,Miami Heat,85,Memphis Grizzlies,89,2217,FedEx Forum
Wed Mar 17 2021,Los Angeles Clippers,89,Dallas Mavericks,105,3975,American Airlines Center
Thu Mar 18 2021,Utah Jazz,122,Washington Wizards,131,0,Capital One Arena
Thu Mar 18 2021,Oklahoma City Thunder,93,Atlanta Hawks,116,2621,State Farm Arena
Thu Mar 18 2021,Orlando Magic,93,New York Knicks,94,1531,Madison Square Garden (IV)
Thu Mar 18 2021,Minnesota Timberwolves,123,Phoenix Suns,119,3172,Phoenix Suns Arena
Thu Mar 18 2021,New Orleans Pelicans,93,Portland Trail Blazers,101,0,Moda Center
Thu Mar 18 2021,Charlotte Hornets,105,Los Angeles Lakers,116,0,STAPLES Center
Fri Mar 19 2021,Sacramento Kings,107,Boston Celtics,96,0,TD Garden
Fri Mar 19 2021,San Antonio Spurs,116,Cleveland Cavaliers,110,0,Rocket Mortgage Fieldhouse
Fri Mar 19 2021,Detroit Pistons,113,Houston Rockets,100,3061,Toyota Center
Fri Mar 19 2021,Golden State Warriors,116,Memphis Grizzlies,103,2716,FedEx Forum
Fri Mar 19 2021,Indiana Pacers,137,Miami Heat,110,0,AmericanAirlines Arena
Fri Mar 19 2021,Brooklyn Nets,113,Orlando Magic,121,3665,Amway Center
Fri Mar 19 2021,Utah Jazz,115,Toronto Raptors,112,0,Amalie Arena
Fri Mar 19 2021,Chicago Bulls,127,Denver Nuggets,131,0,Ball Arena
Fri Mar 19 2021,Minnesota Timberwolves,101,Phoenix Suns,113,3124,Phoenix Suns Arena
Fri Mar 19 2021,Dallas Mavericks,119,Portland Trail Blazers,125,0,Moda Center
Sat Mar 20 2021,Atlanta Hawks,99,Los Angeles Lakers,94,0,STAPLES Center
Sat Mar 20 2021,Golden State Warriors,103,Memphis Grizzlies,111,0,FedEx Forum
Sat Mar 20 2021,Sacramento Kings,105,Philadelphia 76ers,129,3071,Wells Fargo Center
Sat Mar 20 2021,San Antonio Spurs,113,Milwaukee Bucks,120,3280,Fiserv Forum
Sat Mar 20 2021,Charlotte Hornets,98,Los Angeles Clippers,125,0,STAPLES Center
Sun Mar 21 2021,Indiana Pacers,109,Miami Heat,106,0,AmericanAirlines Arena
Sun Mar 21 2021,Oklahoma City Thunder,114,Houston Rockets,112,3297,Toyota Center
Sun Mar 21 2021,New Orleans Pelicans,113,Denver Nuggets,108,0,Ball Arena
Sun Mar 21 2021,Orlando Magic,96,Boston Celtics,112,0,TD Garden
Sun Mar 21 2021,Washington Wizards,106,Brooklyn Nets,113,1773,Barclays Center
Sun Mar 21 2021,Toronto Raptors,105,Cleveland Cavaliers,116,0,Rocket Mortgage Fieldhouse
Sun Mar 21 2021,Chicago Bulls,100,Detroit Pistons,86,750,Little Caesars Arena
Sun Mar 21 2021,Philadelphia 76ers,101,New York Knicks,100,1981,Madison Square Garden (IV)
Sun Mar 21 2021,Los Angeles Lakers,94,Phoenix Suns,111,3190,Phoenix Suns Arena
Sun Mar 21 2021,Dallas Mavericks,132,Portland Trail Blazers,92,0,Moda Center
Mon Mar 22 2021,Sacramento Kings,119,Cleveland Cavaliers,105,4100,Rocket Mortgage Fieldhouse
Mon Mar 22 2021,Oklahoma City Thunder,112,Minnesota Timberwolves,103,0,Target Center
Mon Mar 22 2021,Charlotte Hornets,100,San Antonio Spurs,97,3222,AT&T Center
Mon Mar 22 2021,Utah Jazz,120,Chicago Bulls,95,0,United Center
Mon Mar 22 2021,Toronto Raptors,99,Houston Rockets,117,2965,Toyota Center
Mon Mar 22 2021,Boston Celtics,126,Memphis Grizzlies,132,2319,FedEx Forum
Mon Mar 22 2021,Indiana Pacers,113,Milwaukee Bucks,140,3280,Fiserv Forum
Mon Mar 22 2021,Atlanta Hawks,110,Los Angeles Clippers,119,0,STAPLES Center
Tue Mar 23 2021,Denver Nuggets,110,Orlando Magic,99,3485,Amway Center
Tue Mar 23 2021,Los Angeles Lakers,111,New Orleans Pelicans,128,3700,Smoothie King Center
Tue Mar 23 2021,Washington Wizards,113,New York Knicks,131,1589,Madison Square Garden (IV)
Tue Mar 23 2021,Phoenix Suns,110,Miami Heat,100,0,AmericanAirlines Arena
Tue Mar 23 2021,Philadelphia 76ers,108,Golden State Warriors,98,0,Chase Center
Tue Mar 23 2021,Brooklyn Nets,116,Portland Trail Blazers,112,,Moda Center
Wed Mar 24 2021,Detroit Pistons,111,Indiana Pacers,116,0,Bankers Life Fieldhouse
Wed Mar 24 2021,Boston Celtics,119,Milwaukee Bucks,121,3280,Fiserv Forum
Wed Mar 24 2021,Denver Nuggets,111,Toronto Raptors,135,1578,Amalie Arena
Wed Mar 24 2021,Cleveland Cavaliers,103,Chicago Bulls,94,0,United Center
Wed Mar 24 2021,Charlotte Hornets,122,Houston Rockets,97,3163,Toyota Center
Wed Mar 24 2021,Dallas Mavericks,128,Minnesota Timberwolves,108,0,Target Center
Wed Mar 24 2021,Memphis Grizzlies,116,Oklahoma City Thunder,107,0,Chesapeake Energy Arena
Wed Mar 24 2021,Phoenix Suns,111,Orlando Magic,112,3891,Amway Center
Wed Mar 24 2021,Los Angeles Clippers,134,San Antonio Spurs,101,3224,AT&T Center
Wed Mar 24 2021,Atlanta Hawks,108,Sacramento Kings,110,0,Golden 1 Center
Wed Mar 24 2021,Brooklyn Nets,88,Utah Jazz,118,5546,Vivint Smart Home Arena
Thu Mar 25 2021,Portland Trail Blazers,125,Miami Heat,122,0,AmericanAirlines Arena
Thu Mar 25 2021,Washington Wizards,102,New York Knicks,106,1817,Madison Square Garden (IV)
Thu Mar 25 2021,Los Angeles Clippers,98,San Antonio Spurs,85,3225,AT&T Center
Thu Mar 25 2021,Philadelphia 76ers,109,Los Angeles Lakers,101,0,STAPLES Center
Thu Mar 25 2021,Golden State Warriors,119,Sacramento Kings,141,0,Golden 1 Center
Fri Mar 26 2021,Brooklyn Nets,113,Detroit Pistons,111,750,Little Caesars Arena
Fri Mar 26 2021,Boston Celtics,122,Milwaukee Bucks,114,3280,Fiserv Forum
Fri Mar 26 2021,Phoenix Suns,104,Toronto Raptors,100,0,Amalie Arena
Fri Mar 26 2021,Miami Heat,105,Charlotte Hornets,110,4215,Spectrum Center
Fri Mar 26 2021,Houston Rockets,101,Minnesota Timberwolves,107,0,Target Center
Fri Mar 26 2021,Denver Nuggets,113,New Orleans Pelicans,108,3700,Smoothie King Center
Fri Mar 26 2021,Portland Trail Blazers,112,Orlando Magic,105,3827,Amway Center
Fri Mar 26 2021,Indiana Pacers,109,Dallas Mavericks,94,4132,American Airlines Center
Fri Mar 26 2021,Memphis Grizzlies,114,Utah Jazz,117,5546,Vivint Smart Home Arena
Fri Mar 26 2021,Atlanta Hawks,124,Golden State Warriors,108,0,Chase Center
Fri Mar 26 2021,Cleveland Cavaliers,86,Los Angeles Lakers,100,0,STAPLES Center
Sat Mar 27 2021,New York Knicks,102,Milwaukee Bucks,96,3280,Fiserv Forum
Sat Mar 27 2021,Houston Rockets,129,Minnesota Timberwolves,107,0,Target Center
Sat Mar 27 2021,Detroit Pistons,92,Washington Wizards,106,0,Capital One Arena
Sat Mar 27 2021,Chicago Bulls,104,San Antonio Spurs,120,3334,AT&T Center
Sat Mar 27 2021,Dallas Mavericks,103,New Orleans Pelicans,112,3700,Smoothie King Center
Sat Mar 27 2021,Boston Celtics,111,Oklahoma City Thunder,94,0,Chesapeake Energy Arena
Sat Mar 27 2021,Memphis Grizzlies,110,Utah Jazz,126,5546,Vivint Smart Home Arena
Sat Mar 27 2021,Philadelphia 76ers,112,Los Angeles Clippers,122,0,STAPLES Center
Sat Mar 27 2021,Cleveland Cavaliers,98,Sacramento Kings,100,0,Golden 1 Center
Sun Mar 28 2021,Phoenix Suns,101,Charlotte Hornets,97,3850,Spectrum Center
Sun Mar 28 2021,Portland Trail Blazers,122,Toronto Raptors,117,2021,Amalie Arena
Sun Mar 28 2021,Atlanta Hawks,102,Denver Nuggets,126,0,Ball Arena
Sun Mar 28 2021,Orlando Magic,93,Los Angeles Lakers,96,0,STAPLES Center
Mon Mar 29 2021,Indiana Pacers,124,Washington Wizards,132,0,Capital One Arena
Mon Mar 29 2021,New Orleans Pelicans,115,Boston Celtics,109,2298,TD Garden
Mon Mar 29 2021,Minnesota Timberwolves,107,Brooklyn Nets,112,1732,Barclays Center
Mon Mar 29 2021,Miami Heat,98,New York Knicks,88,1981,Madison Square Garden (IV)
Mon Mar 29 2021,Toronto Raptors,104,Detroit Pistons,118,750,Little Caesars Arena
Mon Mar 29 2021,Memphis Grizzlies,120,Houston Rockets,110,3319,Toyota Center
Mon Mar 29 2021,Dallas Mavericks,127,Oklahoma City Thunder,106,0,Chesapeake Energy Arena
Mon Mar 29 2021,Sacramento Kings,132,San Antonio Spurs,115,2876,AT&T Center
Mon Mar 29 2021,Cleveland Cavaliers,75,Utah Jazz,114,5546,Vivint Smart Home Arena
Mon Mar 29 2021,Chicago Bulls,102,Golden State Warriors,116,0,Chase Center
Mon Mar 29 2021,Milwaukee Bucks,105,Los Angeles Clippers,129,0,STAPLES Center
Tue Mar 30 2021,Charlotte Hornets,114,Washington Wizards,104,0,Capital One Arena
Tue Mar 30 2021,Philadelphia 76ers,95,Denver Nuggets,104,3574,Ball Arena
Tue Mar 30 2021,Orlando Magic,103,Los Angeles Clippers,96,0,STAPLES Center
Tue Mar 30 2021,Atlanta Hawks,110,Phoenix Suns,117,3173,Phoenix Suns Arena
Wed Mar 31 2021,Portland Trail Blazers,124,Detroit Pistons,101,750,Little Caesars Arena
Wed Mar 31 2021,Miami Heat,92,Indiana Pacers,87,0,Bankers Life Fieldhouse
Wed Mar 31 2021,Dallas Mavericks,113,Boston Celtics,108,2298,TD Garden
Wed Mar 31 2021,Houston Rockets,108,Brooklyn Nets,120,1773,Barclays Center
Wed Mar 31 2021,Utah Jazz,111,Memphis Grizzlies,107,2314,FedEx Forum
Wed Mar 31 2021,New York Knicks,101,Minnesota Timberwolves,102,0,Target Center
Wed Mar 31 2021,Toronto Raptors,103,Oklahoma City Thunder,113,0,Chesapeake Energy Arena
Wed Mar 31 2021,Sacramento Kings,106,San Antonio Spurs,120,2802,AT&T Center
Wed Mar 31 2021,Milwaukee Bucks,112,Los Angeles Lakers,97,0,STAPLES Center
Wed Mar 31 2021,Chicago Bulls,116,Phoenix Suns,121,3459,Phoenix Suns Arena
Thu Apr 1 2021,Philadelphia 76ers,114,Cleveland Cavaliers,94,4100,Rocket Mortgage Fieldhouse
Thu Apr 1 2021,Washington Wizards,91,Detroit Pistons,120,750,Little Caesars Arena
Thu Apr 1 2021,Charlotte Hornets,89,Brooklyn Nets,111,1773,Barclays Center
Thu Apr 1 2021,Golden State Warriors,109,Miami Heat,116,0,AmericanAirlines Arena
Thu Apr 1 2021,Orlando Magic,115,New Orleans Pelicans,110,3700,Smoothie King Center
Thu Apr 1 2021,Atlanta Hawks,134,San Antonio Spurs,129,2949,AT&T Center
Thu Apr 1 2021,Denver Nuggets,101,Los Angeles Clippers,94,0,STAPLES Center
Fri Apr 2 2021,Golden State Warriors,77,Toronto Raptors,130,3085,Amalie Arena
Fri Apr 2 2021,Houston Rockets,102,Boston Celtics,118,0,TD Garden
Fri Apr 2 2021,Dallas Mavericks,99,New York Knicks,86,1981,Madison Square Garden (IV)
Fri Apr 2 2021,Charlotte Hornets,114,Indiana Pacers,97,0,Bankers Life Fieldhouse
Fri Apr 2 2021,Minnesota Timberwolves,108,Memphis Grizzlies,120,2987,FedEx Forum
Fri Apr 2 2021,Atlanta Hawks,126,New Orleans Pelicans,103,3700,Smoothie King Center
Fri Apr 2 2021,Chicago Bulls,106,Utah Jazz,113,5546,Vivint Smart Home Arena
Fri Apr 2 2021,Oklahoma City Thunder,103,Phoenix Suns,140,3422,Phoenix Suns Arena
Fri Apr 2 2021,Milwaukee Bucks,127,Portland Trail Blazers,109,0,Moda Center
Fri Apr 2 2021,Los Angeles Lakers,115,Sacramento Kings,94,0,Golden 1 Center
Sat Apr 3 2021,Dallas Mavericks,109,Washington Wizards,87,0,Capital One Arena
Sat Apr 3 2021,New York Knicks,125,Detroit Pistons,81,750,Little Caesars Arena
Sat Apr 3 2021,Cleveland Cavaliers,101,Miami Heat,115,0,AmericanAirlines Arena
Sat Apr 3 2021,Minnesota Timberwolves,113,Philadelphia 76ers,122,3071,Wells Fargo Center
Sat Apr 3 2021,Indiana Pacers,139,San Antonio Spurs,133,3276,AT&T Center
Sat Apr 3 2021,Orlando Magic,91,Utah Jazz,137,5546,Vivint Smart Home Arena
Sat Apr 3 2021,Oklahoma City Thunder,85,Portland Trail Blazers,133,0,Moda Center
Sat Apr 3 2021,Milwaukee Bucks,129,Sacramento Kings,128,0,Golden 1 Center
Sun Apr 4 2021,Brooklyn Nets,107,Chicago Bulls,115,0,United Center
Sun Apr 4 2021,Los Angeles Lakers,86,Los Angeles Clippers,104,0,STAPLES Center
Sun Apr 4 2021,Charlotte Hornets,86,Boston Celtics,116,0,TD Garden
Sun Apr 4 2021,Memphis Grizzlies,116,Philadelphia 76ers,100,4094,Wells Fargo Center
Sun Apr 4 2021,Golden State Warriors,111,Atlanta Hawks,117,2937,State Farm Arena
Sun Apr 4 2021,New Orleans Pelicans,122,Houston Rockets,115,3268,Toyota Center
Sun Apr 4 2021,Orlando Magic,109,Denver Nuggets,119,3927,Ball Arena
Mon Apr 5 2021,New York Knicks,112,Brooklyn Nets,114,1773,Barclays Center
Mon Apr 5 2021,Utah Jazz,103,Dallas Mavericks,111,4261,American Airlines Center
Mon Apr 5 2021,Sacramento Kings,106,Minnesota Timberwolves,116,1436,Target Center
Mon Apr 5 2021,Detroit Pistons,132,Oklahoma City Thunder,108,0,Chesapeake Energy Arena
Mon Apr 5 2021,Cleveland Cavaliers,125,San Antonio Spurs,101,2482,AT&T Center
Mon Apr 5 2021,Washington Wizards,101,Toronto Raptors,103,1620,Amalie Arena
Mon Apr 5 2021,Phoenix Suns,133,Houston Rockets,130,3093,Toyota Center
Tue Apr 6 2021,Chicago Bulls,113,Indiana Pacers,97,0,Bankers Life Fieldhouse
Tue Apr 6 2021,New Orleans Pelicans,107,Atlanta Hawks,123,2816,State Farm Arena
Tue Apr 6 2021,Philadelphia 76ers,106,Boston Celtics,96,2298,TD Garden
Tue Apr 6 2021,Los Angeles Lakers,110,Toronto Raptors,101,0,Amalie Arena
Tue Apr 6 2021,Memphis Grizzlies,124,Miami Heat,112,0,AmericanAirlines Arena
Tue Apr 6 2021,Detroit Pistons,119,Denver Nuggets,134,3556,Ball Arena
Tue Apr 6 2021,Milwaukee Bucks,121,Golden State Warriors,122,0,Chase Center
Tue Apr 6 2021,Portland Trail Blazers,116,Los Angeles Clippers,133,0,STAPLES Center
Wed Apr 7 2021,Minnesota Timberwolves,137,Indiana Pacers,141,0,Bankers Life Fieldhouse
Wed Apr 7 2021,Washington Wizards,131,Orlando Magic,116,3991,Amway Center
Wed Apr 7 2021,New York Knicks,99,Boston Celtics,101,2298,TD Garden
Wed Apr 7 2021,New Orleans Pelicans,111,Brooklyn Nets,139,1773,Barclays Center
Wed Apr 7 2021,Memphis Grizzlies,131,Atlanta Hawks,113,2774,State Farm Arena
Wed Apr 7 2021,Dallas Mavericks,93,Houston Rockets,102,3399,Toyota Center
Wed Apr 7 2021,Charlotte Hornets,113,Oklahoma City Thunder,102,0,Chesapeake Energy Arena
Wed Apr 7 2021,San Antonio Spurs,96,Denver Nuggets,106,3715,Ball Arena
Wed Apr 7 2021,Utah Jazz,113,Phoenix Suns,117,5110,Phoenix Suns Arena
Thu Apr 8 2021,Los Angeles Lakers,104,Miami Heat,110,0,AmericanAirlines Arena
Thu Apr 8 2021,Chicago Bulls,122,Toronto Raptors,113,0,Amalie Arena
Thu Apr 8 2021,Cleveland Cavaliers,129,Oklahoma City Thunder,102,0,Chesapeake Energy Arena
Thu Apr 8 2021,Milwaukee Bucks,101,Dallas Mavericks,116,4190,American Airlines Center
Thu Apr 8 2021,Phoenix Suns,103,Los Angeles Clippers,113,0,STAPLES Center
Thu Apr 8 2021,Detroit Pistons,113,Sacramento Kings,101,0,Golden 1 Center
Thu Apr 8 2021,Portland Trail Blazers,103,Utah Jazz,122,5546,Vivint Smart Home Arena
Fri Apr 9 2021,Indiana Pacers,111,Orlando Magic,106,3777,Amway Center
Fri Apr 9 2021,Minnesota Timberwolves,136,Boston Celtics,145,2298,TD Garden
Fri Apr 9 2021,Memphis Grizzlies,129,New York Knicks,133,1912,Madison Square Garden (IV)
Fri Apr 9 2021,Chicago Bulls,108,Atlanta Hawks,120,996,State Farm Arena
Fri Apr 9 2021,Philadelphia 76ers,94,New Orleans Pelicans,101,3700,Smoothie King Center
Fri Apr 9 2021,San Antonio Spurs,119,Denver Nuggets,121,3750,Ball Arena
Fri Apr 9 2021,Charlotte Hornets,127,Milwaukee Bucks,119,3280,Fiserv Forum
Fri Apr 9 2021,Washington Wizards,110,Golden State Warriors,107,0,Chase Center
Fri Apr 9 2021,Houston Rockets,109,Los Angeles Clippers,126,0,STAPLES Center
Sat Apr 10 2021,Toronto Raptors,135,Cleveland Cavaliers,115,4148,Rocket Mortgage Fieldhouse
Sat Apr 10 2021,Los Angeles Lakers,126,Brooklyn Nets,101,1773,Barclays Center
Sat Apr 10 2021,Philadelphia 76ers,117,Oklahoma City Thunder,93,0,Chesapeake Energy Arena
Sat Apr 10 2021,Sacramento Kings,112,Utah Jazz,128,5546,Vivint Smart Home Arena
Sat Apr 10 2021,Houston Rockets,109,Golden State Warriors,125,0,Chase Center
Sat Apr 10 2021,Washington Wizards,106,Phoenix Suns,134,5028,Phoenix Suns Arena
Sat Apr 10 2021,Detroit Pistons,103,Portland Trail Blazers,118,0,Moda Center
Sun Apr 11 2021,Atlanta Hawks,105,Charlotte Hornets,101,4148,Spectrum Center
Sun Apr 11 2021,Boston Celtics,105,Denver Nuggets,87,4032,Ball Arena
Sun Apr 11 2021,New Orleans Pelicans,116,Cleveland Cavaliers,109,4148,Rocket Mortgage Fieldhouse
Sun Apr 11 2021,Milwaukee Bucks,124,Orlando Magic,87,3316,Amway Center
Sun Apr 11 2021,San Antonio Spurs,119,Dallas Mavericks,117,4054,American Airlines Center
Sun Apr 11 2021,Indiana Pacers,132,Memphis Grizzlies,125,2341,FedEx Forum
Sun Apr 11 2021,Chicago Bulls,117,Minnesota Timberwolves,121,1436,Target Center
Sun Apr 11 2021,Toronto Raptors,96,New York Knicks,102,1833,Madison Square Garden (IV)
Sun Apr 11 2021,Detroit Pistons,124,Los Angeles Clippers,131,0,STAPLES Center
Sun Apr 11 2021,Miami Heat,107,Portland Trail Blazers,98,0,Moda Center
Mon Apr 12 2021,Philadelphia 76ers,113,Dallas Mavericks,95,4016,American Airlines Center
Mon Apr 12 2021,Los Angeles Lakers,96,New York Knicks,111,1981,Madison Square Garden (IV)
Mon Apr 12 2021,San Antonio Spurs,120,Orlando Magic,97,3107,Amway Center
Mon Apr 12 2021,Chicago Bulls,90,Memphis Grizzlies,101,2194,FedEx Forum
Mon Apr 12 2021,Sacramento Kings,110,New Orleans Pelicans,117,3700,Smoothie King Center
Mon Apr 12 2021,Washington Wizards,125,Utah Jazz,121,5546,Vivint Smart Home Arena
Mon Apr 12 2021,Denver Nuggets,107,Golden State Warriors,116,0,Chase Center
Mon Apr 12 2021,Houston Rockets,120,Phoenix Suns,126,4145,Phoenix Suns Arena
Tue Apr 13 2021,Brooklyn Nets,127,Minnesota Timberwolves,97,0,Target Center
Tue Apr 13 2021,Los Angeles Clippers,126,Indiana Pacers,115,0,Bankers Life Fieldhouse
Tue Apr 13 2021,Atlanta Hawks,108,Toronto Raptors,103,1427,Amalie Arena
Tue Apr 13 2021,Los Angeles Lakers,101,Charlotte Hornets,93,3676,Spectrum Center
Tue Apr 13 2021,Oklahoma City Thunder,96,Utah Jazz,106,5546,Vivint Smart Home Arena
Tue Apr 13 2021,Miami Heat,86,Phoenix Suns,106,5024,Phoenix Suns Arena
Tue Apr 13 2021,Boston Celtics,116,Portland Trail Blazers,115,0,Moda Center
Wed Apr 14 2021,Milwaukee Bucks,130,Minnesota Timberwolves,105,0,Target Center
Wed Apr 14 2021,Cleveland Cavaliers,103,Charlotte Hornets,90,2955,Spectrum Center
Wed Apr 14 2021,Brooklyn Nets,117,Philadelphia 76ers,123,4094,Wells Fargo Center
Wed Apr 14 2021,San Antonio Spurs,112,Toronto Raptors,117,1184,Amalie Arena
Wed Apr 14 2021,Orlando Magic,115,Chicago Bulls,106,0,United Center
Wed Apr 14 2021,Los Angeles Clippers,100,Detroit Pistons,98,750,Little Caesars Arena
Wed Apr 14 2021,New York Knicks,116,New Orleans Pelicans,106,3700,Smoothie King Center
Wed Apr 14 2021,Indiana Pacers,132,Houston Rockets,124,3293,Toyota Center
Wed Apr 14 2021,Golden State Warriors,147,Oklahoma City Thunder,109,0,Chesapeake Energy Arena
Wed Apr 14 2021,Dallas Mavericks,114,Memphis Grizzlies,113,2141,FedEx Forum
Wed Apr 14 2021,Miami Heat,106,Denver Nuggets,123,4017,Ball Arena
Wed Apr 14 2021,Washington Wizards,123,Sacramento Kings,111,0,Golden 1 Center
Thu Apr 15 2021,Milwaukee Bucks,120,Atlanta Hawks,109,0,State Farm Arena
Thu Apr 15 2021,Golden State Warriors,119,Cleveland Cavaliers,101,4148,Rocket Mortgage Fieldhouse
Thu Apr 15 2021,Boston Celtics,121,Los Angeles Lakers,113,1915,STAPLES Center
Thu Apr 15 2021,Sacramento Kings,114,Phoenix Suns,122,4568,Phoenix Suns Arena
Fri Apr 16 2021,Indiana Pacers,111,Utah Jazz,119,5546,Vivint Smart Home Arena
Fri Apr 16 2021,Oklahoma City Thunder,104,Detroit Pistons,110,750,Little Caesars Arena
Fri Apr 16 2021,Los Angeles Clippers,103,Philadelphia 76ers,106,4094,Wells Fargo Center
Fri Apr 16 2021,New Orleans Pelicans,115,Washington Wizards,117,0,Capital One Arena
Fri Apr 16 2021,Charlotte Hornets,115,Brooklyn Nets,130,1773,Barclays Center
Fri Apr 16 2021,Orlando Magic,102,Toronto Raptors,113,0,Amalie Arena
Fri Apr 16 2021,Memphis Grizzlies,126,Chicago Bulls,115,0,United Center
Fri Apr 16 2021,Denver Nuggets,128,Houston Rockets,99,3342,Toyota Center
Fri Apr 16 2021,Miami Heat,111,Minnesota Timberwolves,119,1638,Target Center
Fri Apr 16 2021,Portland Trail Blazers,107,San Antonio Spurs,106,4303,AT&T Center
Fri Apr 16 2021,New York Knicks,117,Dallas Mavericks,109,4246,American Airlines Center
Sat Apr 17 2021,Utah Jazz,115,Los Angeles Lakers,127,1710,STAPLES Center
Sat Apr 17 2021,Cleveland Cavaliers,96,Chicago Bulls,106,0,United Center
Sat Apr 17 2021,Detroit Pistons,100,Washington Wizards,121,0,Capital One Arena
Sat Apr 17 2021,Golden State Warriors,114,Boston Celtics,119,2298,TD Garden
Sat Apr 17 2021,Memphis Grizzlies,128,Milwaukee Bucks,115,3280,Fiserv Forum
Sat Apr 17 2021,San Antonio Spurs,111,Phoenix Suns,85,5078,Phoenix Suns Arena
Sun Apr 18 2021,Indiana Pacers,117,Atlanta Hawks,129,0,State Farm Arena
Sun Apr 18 2021,New Orleans Pelicans,112,New York Knicks,122,1981,Madison Square Garden (IV)
Sun Apr 18 2021,Brooklyn Nets,107,Miami Heat,109,0,AmericanAirlines Arena
Sun Apr 18 2021,Portland Trail Blazers,101,Charlotte Hornets,109,3880,Spectrum Center
Sun Apr 18 2021,Houston Rockets,114,Orlando Magic,110,3772,Amway Center
Sun Apr 18 2021,Oklahoma City Thunder,106,Toronto Raptors,112,0,Amalie Arena
Sun Apr 18 2021,Sacramento Kings,121,Dallas Mavericks,107,4193,American Airlines Center
Sun Apr 18 2021,Minnesota Timberwolves,105,Los Angeles Clippers,124,1734,STAPLES Center
Mon Apr 19 2021,Cleveland Cavaliers,105,Detroit Pistons,109,750,Little Caesars Arena
Mon Apr 19 2021,Chicago Bulls,102,Boston Celtics,96,0,TD Garden
Mon Apr 19 2021,Golden State Warriors,107,Philadelphia 76ers,96,4094,Wells Fargo Center
Mon Apr 19 2021,San Antonio Spurs,109,Indiana Pacers,94,0,Bankers Life Fieldhouse
Mon Apr 19 2021,Houston Rockets,91,Miami Heat,113,0,AmericanAirlines Arena
Mon Apr 19 2021,Phoenix Suns,128,Milwaukee Bucks,127,3280,Fiserv Forum
Mon Apr 19 2021,Oklahoma City Thunder,107,Washington Wizards,119,0,Capital One Arena
Mon Apr 19 2021,Memphis Grizzlies,137,Denver Nuggets,139,4005,Ball Arena
Mon Apr 19 2021,Utah Jazz,111,Los Angeles Lakers,97,1709,STAPLES Center
Tue Apr 20 2021,Orlando Magic,96,Atlanta Hawks,112,2219,State Farm Arena
Tue Apr 20 2021,Brooklyn Nets,134,New Orleans Pelicans,129,3700,Smoothie King Center
Tue Apr 20 2021,Charlotte Hornets,97,New York Knicks,109,1753,Madison Square Garden (IV)
Tue Apr 20 2021,Los Angeles Clippers,113,Portland Trail Blazers,112,0,Moda Center
Tue Apr 20 2021,Minnesota Timberwolves,134,Sacramento Kings,120,0,Golden 1 Center
Wed Apr 21 2021,Chicago Bulls,105,Cleveland Cavaliers,121,0,Rocket Mortgage Fieldhouse
Wed Apr 21 2021,Oklahoma City Thunder,116,Indiana Pacers,122,0,Bankers Life Fieldhouse
Wed Apr 21 2021,Phoenix Suns,116,Philadelphia 76ers,113,4094,Wells Fargo Center
Wed Apr 21 2021,Brooklyn Nets,103,Toronto Raptors,114,0,Amalie Arena
Wed Apr 21 2021,Golden State Warriors,114,Washington Wizards,118,2133,Capital One Arena
Wed Apr 21 2021,Utah Jazz,112,Houston Rockets,89,3253,Toyota Center
Wed Apr 21 2021,Atlanta Hawks,127,New York Knicks,137,1981,Madison Square Garden (IV)
Wed Apr 21 2021,Detroit Pistons,117,Dallas Mavericks,127,4043,American Airlines Center
Wed Apr 21 2021,Miami Heat,107,San Antonio Spurs,87,4229,AT&T Center
Wed Apr 21 2021,Memphis Grizzlies,105,Los Angeles Clippers,117,1782,STAPLES Center
Wed Apr 21 2021,Denver Nuggets,106,Portland Trail Blazers,105,0,Moda Center
Wed Apr 21 2021,Minnesota Timberwolves,125,Sacramento Kings,128,0,Golden 1 Center
Thu Apr 22 2021,Phoenix Suns,86,Boston Celtics,99,2298,TD Garden
Thu Apr 22 2021,Philadelphia 76ers,117,Milwaukee Bucks,124,3280,Fiserv Forum
Thu Apr 22 2021,New Orleans Pelicans,135,Orlando Magic,100,3411,Amway Center
Thu Apr 22 2021,Detroit Pistons,91,San Antonio Spurs,106,3334,AT&T Center
Thu Apr 22 2021,Charlotte Hornets,91,Chicago Bulls,108,0,United Center
Thu Apr 22 2021,Los Angeles Lakers,110,Dallas Mavericks,115,4443,American Airlines Center
Fri Apr 23 2021,Miami Heat,103,Atlanta Hawks,118,2985,State Farm Arena
Fri Apr 23 2021,Boston Celtics,104,Brooklyn Nets,109,1773,Barclays Center
Fri Apr 23 2021,Cleveland Cavaliers,102,Charlotte Hornets,108,4060,Spectrum Center
Fri Apr 23 2021,Los Angeles Clippers,109,Houston Rockets,104,3313,Toyota Center
Fri Apr 23 2021,Washington Wizards,129,Oklahoma City Thunder,109,0,Chesapeake Energy Arena
Fri Apr 23 2021,Denver Nuggets,97,Golden State Warriors,118,1935,Chase Center
Fri Apr 23 2021,Memphis Grizzlies,130,Portland Trail Blazers,128,0,Moda Center
Sat Apr 24 2021,Toronto Raptors,103,New York Knicks,120,1981,Madison Square Garden (IV)
Sat Apr 24 2021,Philadelphia 76ers,94,Milwaukee Bucks,132,3280,Fiserv Forum
Sat Apr 24 2021,Detroit Pistons,109,Indiana Pacers,115,0,Bankers Life Fieldhouse
Sat Apr 24 2021,Chicago Bulls,101,Miami Heat,106,0,AmericanAirlines Arena
Sat Apr 24 2021,San Antonio Spurs,110,New Orleans Pelicans,108,3700,Smoothie King Center
Sat Apr 24 2021,Los Angeles Lakers,93,Dallas Mavericks,108,4561,American Airlines Center
Sat Apr 24 2021,Minnesota Timberwolves,101,Utah Jazz,96,0,Vivint Smart Home Arena
Sat Apr 24 2021,Houston Rockets,116,Denver Nuggets,129,4035,Ball Arena
Sun Apr 25 2021,Boston Celtics,104,Charlotte Hornets,125,4493,Spectrum Center
Sun Apr 25 2021,Phoenix Suns,119,Brooklyn Nets,128,1773,Barclays Center
Sun Apr 25 2021,Memphis Grizzlies,120,Portland Trail Blazers,113,0,Moda Center
Sun Apr 25 2021,Cleveland Cavaliers,110,Washington Wizards,119,2133,Capital One Arena
Sun Apr 25 2021,Milwaukee Bucks,104,Atlanta Hawks,111,3010,State Farm Arena
Sun Apr 25 2021,Indiana Pacers,131,Orlando Magic,112,3519,Amway Center
Sun Apr 25 2021,Sacramento Kings,113,Golden State Warriors,117,3252,Chase Center
Mon Apr 26 2021,Atlanta Hawks,86,Detroit Pistons,100,750,Little Caesars Arena
Mon Apr 26 2021,Los Angeles Lakers,114,Orlando Magic,103,4099,Amway Center
Mon Apr 26 2021,Oklahoma City Thunder,90,Philadelphia 76ers,121,4094,Wells Fargo Center
Mon Apr 26 2021,San Antonio Spurs,146,Washington Wizards,143,2133,Capital One Arena
Mon Apr 26 2021,Phoenix Suns,118,New York Knicks,110,1981,Madison Square Garden (IV)
Mon Apr 26 2021,Cleveland Cavaliers,96,Toronto Raptors,112,1626,Amalie Arena
Mon Apr 26 2021,Chicago Bulls,110,Miami Heat,102,0,AmericanAirlines Arena
Mon Apr 26 2021,Utah Jazz,104,Minnesota Timberwolves,105,1638,Target Center
Mon Apr 26 2021,Los Angeles Clippers,103,New Orleans Pelicans,120,3700,Smoothie King Center
Mon Apr 26 2021,Memphis Grizzlies,96,Denver Nuggets,120,3823,Ball Arena
Mon Apr 26 2021,Dallas Mavericks,106,Sacramento Kings,113,0,Golden 1 Center
Tue Apr 27 2021,Oklahoma City Thunder,119,Boston Celtics,115,2298,TD Garden
Tue Apr 27 2021,Milwaukee Bucks,114,Charlotte Hornets,104,3240,Spectrum Center
Tue Apr 27 2021,Portland Trail Blazers,133,Indiana Pacers,112,0,Bankers Life Fieldhouse
Tue Apr 27 2021,Brooklyn Nets,116,Toronto Raptors,103,0,Amalie Arena
Tue Apr 27 2021,Minnesota Timberwolves,114,Houston Rockets,107,3225,Toyota Center
Tue Apr 27 2021,Dallas Mavericks,133,Golden State Warriors,103,3613,Chase Center
Wed Apr 28 2021,Orlando Magic,109,Cleveland Cavaliers,104,4148,Rocket Mortgage Fieldhouse
Wed Apr 28 2021,Atlanta Hawks,83,Philadelphia 76ers,127,4094,Wells Fargo Center
Wed Apr 28 2021,Charlotte Hornets,111,Boston Celtics,120,2298,TD Garden
Wed Apr 28 2021,Chicago Bulls,94,New York Knicks,113,1981,Madison Square Garden (IV)
Wed Apr 28 2021,Los Angeles Lakers,107,Washington Wizards,116,2133,Capital One Arena
Wed Apr 28 2021,San Antonio Spurs,111,Miami Heat,116,0,AmericanAirlines Arena
Wed Apr 28 2021,New Orleans Pelicans,112,Denver Nuggets,114,4022,Ball Arena
Wed Apr 28 2021,Portland Trail Blazers,130,Memphis Grizzlies,109,3427,FedEx Forum
Wed Apr 28 2021,Los Angeles Clippers,101,Phoenix Suns,109,5917,Phoenix Suns Arena
Wed Apr 28 2021,Utah Jazz,154,Sacramento Kings,105,0,Golden 1 Center
Thu Apr 29 2021,Dallas Mavericks,115,Detroit Pistons,105,750,Little Caesars Arena
Thu Apr 29 2021,Brooklyn Nets,130,Indiana Pacers,113,0,Bankers Life Fieldhouse
Thu Apr 29 2021,Milwaukee Bucks,136,Houston Rockets,143,3232,Toyota Center
Thu Apr 29 2021,Golden State Warriors,114,Minnesota Timberwolves,126,1638,Target Center
Thu Apr 29 2021,Toronto Raptors,111,Denver Nuggets,121,4025,Ball Arena
Thu Apr 29 2021,New Orleans Pelicans,109,Oklahoma City Thunder,95,0,Chesapeake Energy Arena
Fri Apr 30 2021,Atlanta Hawks,104,Philadelphia 76ers,126,4094,Wells Fargo Center
Fri Apr 30 2021,San Antonio Spurs,140,Boston Celtics,143,2298,TD Garden
Fri Apr 30 2021,Washington Wizards,122,Cleveland Cavaliers,93,4148,Rocket Mortgage Fieldhouse
Fri Apr 30 2021,Portland Trail Blazers,128,Brooklyn Nets,109,1773,Barclays Center
Fri Apr 30 2021,Orlando Magic,75,Memphis Grizzlies,92,2850,FedEx Forum
Fri Apr 30 2021,Milwaukee Bucks,108,Chicago Bulls,98,0,United Center
Fri Apr 30 2021,Utah Jazz,100,Phoenix Suns,121,6065,Phoenix Suns Arena
Fri Apr 30 2021,Sacramento Kings,110,Los Angeles Lakers,106,2691,STAPLES Center
Sat May 1 2021,Detroit Pistons,94,Charlotte Hornets,107,3766,Spectrum Center
Sat May 1 2021,Golden State Warriors,113,Houston Rockets,87,3702,Toyota Center
Sat May 1 2021,Chicago Bulls,97,Atlanta Hawks,108,3053,State Farm Arena
Sat May 1 2021,Miami Heat,124,Cleveland Cavaliers,107,4148,Rocket Mortgage Fieldhouse
Sat May 1 2021,New Orleans Pelicans,140,Minnesota Timberwolves,136,1638,Target Center
Sat May 1 2021,Indiana Pacers,152,Oklahoma City Thunder,95,0,Chesapeake Energy Arena
Sat May 1 2021,Memphis Grizzlies,111,Orlando Magic,112,3924,Amway Center
Sat May 1 2021,Washington Wizards,124,Dallas Mavericks,125,4351,American Airlines Center
Sat May 1 2021,Denver Nuggets,110,Los Angeles Clippers,104,2818,STAPLES Center
Sat May 1 2021,Toronto Raptors,102,Utah Jazz,106,6506,Vivint Smart Home Arena
Sun May 2 2021,Brooklyn Nets,114,Milwaukee Bucks,117,3280,Fiserv Forum
Sun May 2 2021,Portland Trail Blazers,129,Boston Celtics,119,,TD Garden
Sun May 2 2021,Miami Heat,121,Charlotte Hornets,111,4095,Spectrum Center
Sun May 2 2021,Sacramento Kings,111,Dallas Mavericks,99,4268,American Airlines Center
Sun May 2 2021,New York Knicks,122,Houston Rockets,97,3431,Toyota Center
Sun May 2 2021,Phoenix Suns,123,Oklahoma City Thunder,120,0,Chesapeake Energy Arena
Sun May 2 2021,Philadelphia 76ers,113,San Antonio Spurs,111,3978,AT&T Center
Sun May 2 2021,Toronto Raptors,121,Los Angeles Lakers,114,2053,STAPLES Center
Mon May 3 2021,Orlando Magic,119,Detroit Pistons,112,750,Little Caesars Arena
Mon May 3 2021,Indiana Pacers,141,Washington Wizards,154,0,Capital One Arena
Mon May 3 2021,Golden State Warriors,123,New Orleans Pelicans,108,3700,Smoothie King Center
Mon May 3 2021,Portland Trail Blazers,114,Atlanta Hawks,123,3091,State Farm Arena
Mon May 3 2021,Philadelphia 76ers,106,Chicago Bulls,94,0,United Center
Mon May 3 2021,New York Knicks,118,Memphis Grizzlies,104,2789,FedEx Forum
Mon May 3 2021,Denver Nuggets,89,Los Angeles Lakers,93,2454,STAPLES Center
Mon May 3 2021,San Antonio Spurs,99,Utah Jazz,110,6506,Vivint Smart Home Arena
Tue May 4 2021,Phoenix Suns,134,Cleveland Cavaliers,118,4148,Rocket Mortgage Fieldhouse
Tue May 4 2021,Charlotte Hornets,102,Detroit Pistons,99,750,Little Caesars Arena
Tue May 4 2021,Brooklyn Nets,118,Milwaukee Bucks,124,3280,Fiserv Forum
Tue May 4 2021,Dallas Mavericks,127,Miami Heat,113,0,AmericanAirlines Arena
Tue May 4 2021,Golden State Warriors,103,New Orleans Pelicans,108,3700,Smoothie King Center
Tue May 4 2021,Sacramento Kings,103,Oklahoma City Thunder,99,0,Chesapeake Energy Arena
Tue May 4 2021,Toronto Raptors,100,Los Angeles Clippers,105,1714,STAPLES Center
Wed May 5 2021,Boston Celtics,132,Orlando Magic,96,0,Amway Center
Wed May 5 2021,Portland Trail Blazers,141,Cleveland Cavaliers,105,4148,Rocket Mortgage Fieldhouse
Wed May 5 2021,Phoenix Suns,103,Atlanta Hawks,135,3205,State Farm Arena
Wed May 5 2021,Philadelphia 76ers,135,Houston Rockets,115,3583,Toyota Center
Wed May 5 2021,Sacramento Kings,104,Indiana Pacers,93,0,Bankers Life Fieldhouse
Wed May 5 2021,Washington Wizards,134,Milwaukee Bucks,135,3280,Fiserv Forum
Wed May 5 2021,Memphis Grizzlies,139,Minnesota Timberwolves,135,1436,Target Center
Wed May 5 2021,New York Knicks,97,Denver Nuggets,113,4038,Ball Arena
Wed May 5 2021,San Antonio Spurs,94,Utah Jazz,126,6506,Vivint Smart Home Arena
Thu May 6 2021,Chicago Bulls,120,Charlotte Hornets,99,3769,Spectrum Center
Thu May 6 2021,Brooklyn Nets,109,Dallas Mavericks,113,4602,American Airlines Center
Thu May 6 2021,Washington Wizards,131,Toronto Raptors,129,2494,Amalie Arena
Thu May 6 2021,Memphis Grizzlies,97,Detroit Pistons,111,750,Little Caesars Arena
Thu May 6 2021,Atlanta Hawks,126,Indiana Pacers,133,0,Bankers Life Fieldhouse
Thu May 6 2021,Oklahoma City Thunder,97,Golden State Warriors,118,3621,Chase Center
Thu May 6 2021,Los Angeles Lakers,94,Los Angeles Clippers,118,3275,STAPLES Center
Fri May 7 2021,New Orleans Pelicans,107,Philadelphia 76ers,109,5119,Wells Fargo Center
Fri May 7 2021,Boston Celtics,99,Chicago Bulls,121,3399,United Center
Fri May 7 2021,Orlando Magic,112,Charlotte Hornets,122,3751,Spectrum Center
Fri May 7 2021,Minnesota Timberwolves,112,Miami Heat,121,0,AmericanAirlines Arena
Fri May 7 2021,Houston Rockets,133,Milwaukee Bucks,141,3280,Fiserv Forum
Fri May 7 2021,Cleveland Cavaliers,90,Dallas Mavericks,110,4220,American Airlines Center
Fri May 7 2021,Denver Nuggets,120,Utah Jazz,127,6506,Vivint Smart Home Arena
Fri May 7 2021,New York Knicks,105,Phoenix Suns,128,8063,Phoenix Suns Arena
Fri May 7 2021,Los Angeles Lakers,101,Portland Trail Blazers,106,0,Moda Center
Fri May 7 2021,San Antonio Spurs,113,Sacramento Kings,104,0,Golden 1 Center
Sat May 8 2021,Washington Wizards,133,Indiana Pacers,132,0,Bankers Life Fieldhouse
Sat May 8 2021,Detroit Pistons,104,Philadelphia 76ers,118,5119,Wells Fargo Center
Sat May 8 2021,Memphis Grizzlies,109,Toronto Raptors,99,0,Amalie Arena
Sat May 8 2021,Brooklyn Nets,125,Denver Nuggets,119,4044,Ball Arena
Sat May 8 2021,Oklahoma City Thunder,97,Golden State Warriors,136,4155,Chase Center
Sat May 8 2021,San Antonio Spurs,102,Portland Trail Blazers,124,1939,Moda Center
Sat May 8 2021,Houston Rockets,116,Utah Jazz,124,6506,Vivint Smart Home Arena
Sun May 9 2021,Miami Heat,130,Boston Celtics,124,2298,TD Garden
Sun May 9 2021,New York Knicks,106,Los Angeles Clippers,100,2578,STAPLES Center
Sun May 9 2021,New Orleans Pelicans,112,Charlotte Hornets,110,4196,Spectrum Center
Sun May 9 2021,Dallas Mavericks,124,Cleveland Cavaliers,97,4148,Rocket Mortgage Fieldhouse
Sun May 9 2021,Minnesota Timberwolves,128,Orlando Magic,96,4086,Amway Center
Sun May 9 2021,Chicago Bulls,108,Detroit Pistons,96,750,Little Caesars Arena
Sun May 9 2021,Phoenix Suns,110,Los Angeles Lakers,123,3144,STAPLES Center
Sun May 9 2021,Oklahoma City Thunder,98,Sacramento Kings,126,0,Golden 1 Center
Mon May 10 2021,Washington Wizards,124,Atlanta Hawks,125,3054,State Farm Arena
Mon May 10 2021,Indiana Pacers,111,Cleveland Cavaliers,102,4148,Rocket Mortgage Fieldhouse
Mon May 10 2021,New Orleans Pelicans,110,Memphis Grizzlies,115,2507,FedEx Forum
Mon May 10 2021,Milwaukee Bucks,125,San Antonio Spurs,146,3992,AT&T Center
Mon May 10 2021,Utah Jazz,116,Golden State Warriors,119,4155,Chase Center
Mon May 10 2021,Houston Rockets,129,Portland Trail Blazers,140,1939,Moda Center
Tue May 11 2021,Denver Nuggets,117,Charlotte Hornets,112,3997,Spectrum Center
Tue May 11 2021,Minnesota Timberwolves,119,Detroit Pistons,100,750,Little Caesars Arena
Tue May 11 2021,Miami Heat,129,Boston Celtics,121,4789,TD Garden
Tue May 11 2021,Los Angeles Clippers,115,Toronto Raptors,96,0,Amalie Arena
Tue May 11 2021,Brooklyn Nets,115,Chicago Bulls,107,3434,United Center
Tue May 11 2021,Philadelphia 76ers,94,Indiana Pacers,103,0,Bankers Life Fieldhouse
Tue May 11 2021,Dallas Mavericks,104,Memphis Grizzlies,133,2684,FedEx Forum
Tue May 11 2021,Orlando Magic,102,Milwaukee Bucks,114,3280,Fiserv Forum
Tue May 11 2021,Phoenix Suns,116,Golden State Warriors,122,4155,Chase Center
Tue May 11 2021,New York Knicks,99,Los Angeles Lakers,101,3550,STAPLES Center
Tue May 11 2021,Oklahoma City Thunder,106,Sacramento Kings,122,0,Golden 1 Center
Wed May 12 2021,Washington Wizards,116,Atlanta Hawks,120,3120,State Farm Arena
Wed May 12 2021,San Antonio Spurs,116,Brooklyn Nets,128,1773,Barclays Center
Wed May 12 2021,Boston Celtics,94,Cleveland Cavaliers,102,4148,Rocket Mortgage Fieldhouse
Wed May 12 2021,New Orleans Pelicans,107,Dallas Mavericks,125,4373,American Airlines Center
Wed May 12 2021,Portland Trail Blazers,105,Utah Jazz,98,6506,Vivint Smart Home Arena
Wed May 12 2021,Houston Rockets,122,Los Angeles Lakers,124,4087,STAPLES Center
Thu May 13 2021,Los Angeles Clippers,113,Charlotte Hornets,90,4442,Spectrum Center
Thu May 13 2021,Milwaukee Bucks,142,Indiana Pacers,133,,Bankers Life Fieldhouse
Thu May 13 2021,Orlando Magic,93,Atlanta Hawks,116,2910,State Farm Arena
Thu May 13 2021,Philadelphia 76ers,94,Miami Heat,106,0,AmericanAirlines Arena
Thu May 13 2021,San Antonio Spurs,98,New York Knicks,102,1981,Madison Square Garden (IV)
Thu May 13 2021,Toronto Raptors,102,Chicago Bulls,114,3395,United Center
Thu May 13 2021,Sacramento Kings,110,Memphis Grizzlies,116,2876,FedEx Forum
Thu May 13 2021,Denver Nuggets,114,Minnesota Timberwolves,103,1638,Target Center
Thu May 13 2021,Portland Trail Blazers,117,Phoenix Suns,118,8359,Phoenix Suns Arena
Fri May 14 2021,Cleveland Cavaliers,105,Washington Wizards,120,5333,Capital One Arena
Fri May 14 2021,Denver Nuggets,104,Detroit Pistons,91,750,Little Caesars Arena
Fri May 14 2021,Utah Jazz,109,Oklahoma City Thunder,93,0,Chesapeake Energy Arena
Fri May 14 2021,Orlando Magic,97,Philadelphia 76ers,122,5119,Wells Fargo Center
Fri May 14 2021,Toronto Raptors,110,Dallas Mavericks,114,4493,American Airlines Center
Fri May 14 2021,Los Angeles Clippers,115,Houston Rockets,122,3803,Toyota Center
Fri May 14 2021,Sacramento Kings,106,Memphis Grizzlies,107,3502,FedEx Forum
Fri May 14 2021,New Orleans Pelicans,122,Golden State Warriors,125,4155,Chase Center
Sat May 15 2021,Chicago Bulls,91,Brooklyn Nets,105,1773,Barclays Center
Sat May 15 2021,Los Angeles Lakers,122,Indiana Pacers,115,0,Bankers Life Fieldhouse
Sat May 15 2021,Charlotte Hornets,109,New York Knicks,118,1981,Madison Square Garden (IV)
Sat May 15 2021,Boston Celtics,124,Minnesota Timberwolves,108,1638,Target Center
Sat May 15 2021,Phoenix Suns,140,San Antonio Spurs,103,4848,AT&T Center
Sat May 15 2021,Miami Heat,108,Milwaukee Bucks,122,3280,Fiserv Forum
Sun May 16 2021,Boston Celtics,92,New York Knicks,96,1981,Madison Square Garden (IV)
Sun May 16 2021,Indiana Pacers,125,Toronto Raptors,113,0,Amalie Arena
Sun May 16 2021,Charlotte Hornets,110,Washington Wizards,115,5333,Capital One Arena
Sun May 16 2021,Phoenix Suns,123,San Antonio Spurs,121,4738,AT&T Center
Sun May 16 2021,Memphis Grizzlies,101,Golden State Warriors,113,4416,Chase Center
Sun May 16 2021,Houston Rockets,95,Atlanta Hawks,124,3045,State Farm Arena
Sun May 16 2021,Cleveland Cavaliers,109,Brooklyn Nets,123,1773,Barclays Center
Sun May 16 2021,Orlando Magic,117,Philadelphia 76ers,128,5119,Wells Fargo Center
Sun May 16 2021,Miami Heat,120,Detroit Pistons,107,750,Little Caesars Arena
Sun May 16 2021,Milwaukee Bucks,112,Chicago Bulls,118,3427,United Center
Sun May 16 2021,Dallas Mavericks,121,Minnesota Timberwolves,136,1638,Target Center
Sun May 16 2021,Los Angeles Lakers,110,New Orleans Pelicans,98,3700,Smoothie King Center
Sun May 16 2021,Los Angeles Clippers,112,Oklahoma City Thunder,117,0,Chesapeake Energy Arena
Sun May 16 2021,Denver Nuggets,116,Portland Trail Blazers,132,1939,Moda Center
Sun May 16 2021,Utah Jazz,121,Sacramento Kings,99,0,Golden 1 Center
Tue May 18 2021,Charlotte Hornets,117,Indiana Pacers,144,0,Bankers Life Fieldhouse
Tue May 18 2021,Washington Wizards,100,Boston Celtics,118,4789,TD Garden
Wed May 19 2021,San Antonio Spurs,96,Memphis Grizzlies,100,7019,FedEx Forum
Wed May 19 2021,Golden State Warriors,100,Los Angeles Lakers,103,6022,STAPLES Center
Thu May 20 2021,Indiana Pacers,115,Washington Wizards,142,0,Capital One Arena
Fri May 21 2021,Memphis Grizzlies,117,Golden State Warriors,112,7505,Chase Center
Sat May 22 2021,Miami Heat,107,Milwaukee Bucks,109,9107,Fiserv Forum
Sat May 22 2021,Dallas Mavericks,113,Los Angeles Clippers,103,6117,STAPLES Center
Sat May 22 2021,Boston Celtics,93,Brooklyn Nets,104,14391,Barclays Center
Sat May 22 2021,Portland Trail Blazers,123,Denver Nuggets,109,7732,Ball Arena
Sun May 23 2021,Washington Wizards,118,Philadelphia 76ers,125,11160,Wells Fargo Center
Sun May 23 2021,Los Angeles Lakers,90,Phoenix Suns,99,11824,Phoenix Suns Arena
Sun May 23 2021,Atlanta Hawks,107,New York Knicks,105,15047,Madison Square Garden (IV)
Sun May 23 2021,Memphis Grizzlies,112,Utah Jazz,109,13750,Vivint Smart Home Arena
Mon May 24 2021,Miami Heat,98,Milwaukee Bucks,132,9107,Fiserv Forum
Mon May 24 2021,Portland Trail Blazers,109,Denver Nuggets,128,7727,Ball Arena
Tue May 25 2021,Boston Celtics,108,Brooklyn Nets,130,14774,Barclays Center
Tue May 25 2021,Los Angeles Lakers,109,Phoenix Suns,102,11919,Phoenix Suns Arena
Tue May 25 2021,Dallas Mavericks,127,Los Angeles Clippers,121,6885,STAPLES Center
Wed May 26 2021,Washington Wizards,95,Philadelphia 76ers,120,11160,Wells Fargo Center
Wed May 26 2021,Atlanta Hawks,92,New York Knicks,101,16254,Madison Square Garden (IV)
Wed May 26 2021,Memphis Grizzlies,129,Utah Jazz,141,14200,Vivint Smart Home Arena
Thu May 27 2021,Milwaukee Bucks,113,Miami Heat,84,17000,AmericanAirlines Arena
Thu May 27 2021,Phoenix Suns,95,Los Angeles Lakers,109,7825,STAPLES Center
Thu May 27 2021,Denver Nuggets,120,Portland Trail Blazers,115,8050,Moda Center
Fri May 28 2021,New York Knicks,94,Atlanta Hawks,105,15743,State Farm Arena
Fri May 28 2021,Brooklyn Nets,119,Boston Celtics,125,4789,TD Garden
Fri May 28 2021,Los Angeles Clippers,118,Dallas Mavericks,108,17705,American Airlines Center
Sat May 29 2021,Milwaukee Bucks,120,Miami Heat,103,17000,AmericanAirlines Arena
Sat May 29 2021,Denver Nuggets,95,Portland Trail Blazers,115,8050,Moda Center
Sat May 29 2021,Philadelphia 76ers,132,Washington Wizards,103,0,Capital One Arena
Sat May 29 2021,Utah Jazz,121,Memphis Grizzlies,111,12185,FedEx Forum
Sun May 30 2021,New York Knicks,96,Atlanta Hawks,113,16458,State Farm Arena
Sun May 30 2021,Phoenix Suns,100,Los Angeles Lakers,92,8025,STAPLES Center
Sun May 30 2021,Brooklyn Nets,141,Boston Celtics,126,17226,TD Garden
Sun May 30 2021,Los Angeles Clippers,106,Dallas Mavericks,81,17761,American Airlines Center
Mon May 31 2021,Philadelphia 76ers,114,Washington Wizards,122,10665,Capital One Arena
Mon May 31 2021,Utah Jazz,120,Memphis Grizzlies,113,12185,FedEx Forum
Tue Jun 1 2021,Boston Celtics,109,Brooklyn Nets,123,14993,Barclays Center
Tue Jun 1 2021,Portland Trail Blazers,140,Denver Nuggets,147,10463,Ball Arena
Tue Jun 1 2021,Los Angeles Lakers,85,Phoenix Suns,115,16163,Phoenix Suns Arena
Wed Jun 2 2021,Washington Wizards,112,Philadelphia 76ers,129,15523,Wells Fargo Center
Wed Jun 2 2021,Atlanta Hawks,103,New York Knicks,89,16512,Madison Square Garden (IV)
Wed Jun 2 2021,Memphis Grizzlies,110,Utah Jazz,126,14250,Vivint Smart Home Arena
Wed Jun 2 2021,Dallas Mavericks,105,Los Angeles Clippers,100,7428,STAPLES Center
Thu Jun 3 2021,Denver Nuggets,126,Portland Trail Blazers,115,10022,Moda Center
Thu Jun 3 2021,Phoenix Suns,113,Los Angeles Lakers,100,8550,STAPLES Center
Fri Jun 4 2021,Los Angeles Clippers,104,Dallas Mavericks,97,18324,American Airlines Center
Sat Jun 5 2021,Milwaukee Bucks,107,Brooklyn Nets,115,15750,Barclays Center
Sun Jun 6 2021,Atlanta Hawks,128,Philadelphia 76ers,124,18624,Wells Fargo Center
Sun Jun 6 2021,Dallas Mavericks,111,Los Angeles Clippers,126,7342,STAPLES Center
Mon Jun 7 2021,Milwaukee Bucks,86,Brooklyn Nets,125,15776,Barclays Center
Mon Jun 7 2021,Denver Nuggets,105,Phoenix Suns,122,16219,Phoenix Suns Arena
Tue Jun 8 2021,Atlanta Hawks,102,Philadelphia 76ers,118,18624,Wells Fargo Center
Tue Jun 8 2021,Los Angeles Clippers,109,Utah Jazz,112,18007,Vivint Smart Home Arena
Wed Jun 9 2021,Denver Nuggets,98,Phoenix Suns,123,16529,Phoenix Suns Arena
Thu Jun 10 2021,Brooklyn Nets,83,Milwaukee Bucks,86,16310,Fiserv Forum
Thu Jun 10 2021,Los Angeles Clippers,111,Utah Jazz,117,18007,Vivint Smart Home Arena
Fri Jun 11 2021,Philadelphia 76ers,127,Atlanta Hawks,111,16432,State Farm Arena
Fri Jun 11 2021,Phoenix Suns,116,Denver Nuggets,102,18277,Ball Arena
Sat Jun 12 2021,Utah Jazz,106,Los Angeles Clippers,132,8185,STAPLES Center
Sun Jun 13 2021,Brooklyn Nets,96,Milwaukee Bucks,107,16310,Fiserv Forum
Sun Jun 13 2021,Phoenix Suns,125,Denver Nuggets,118,18290,Ball Arena
Mon Jun 14 2021,Philadelphia 76ers,100,Atlanta Hawks,103,16502,State Farm Arena
Mon Jun 14 2021,Utah Jazz,104,Los Angeles Clippers,118,8474,STAPLES Center
Tue Jun 15 2021,Milwaukee Bucks,108,Brooklyn Nets,114,16067,Barclays Center
Wed Jun 16 2021,Atlanta Hawks,109,Philadelphia 76ers,106,18624,Wells Fargo Center
Wed Jun 16 2021,Los Angeles Clippers,119,Utah Jazz,111,18007,Vivint Smart Home Arena
Thu Jun 17 2021,Brooklyn Nets,89,Milwaukee Bucks,104,16310,Fiserv Forum
Fri Jun 18 2021,Philadelphia 76ers,104,Atlanta Hawks,99,16610,State Farm Arena
Fri Jun 18 2021,Utah Jazz,119,Los Angeles Clippers,131,17105,STAPLES Center
Sat Jun 19 2021,Milwaukee Bucks,115,Brooklyn Nets,111,16287,Barclays Center
Sun Jun 20 2021,Los Angeles Clippers,114,Phoenix Suns,120,16583,Phoenix Suns Arena
Sun Jun 20 2021,Atlanta Hawks,103,Philadelphia 76ers,96,18624,Wells Fargo Center
Tue Jun 22 2021,Los Angeles Clippers,103,Phoenix Suns,104,16645,Phoenix Suns Arena
Wed Jun 23 2021,Atlanta Hawks,116,Milwaukee Bucks,113,16310,Fiserv Forum
Thu Jun 24 2021,Phoenix Suns,92,Los Angeles Clippers,106,17222,STAPLES Center
Fri Jun 25 2021,Atlanta Hawks,91,Milwaukee Bucks,125,16422,Fiserv Forum
Sat Jun 26 2021,Phoenix Suns,84,Los Angeles Clippers,80,18222,STAPLES Center
Sun Jun 27 2021,Milwaukee Bucks,113,Atlanta Hawks,102,16650,State Farm Arena
Mon Jun 28 2021,Los Angeles Clippers,116,Phoenix Suns,102,16664,Phoenix Suns Arena
Tue Jun 29 2021,Milwaukee Bucks,88,Atlanta Hawks,110,16478,State Farm Arena
Wed Jun 30 2021,Phoenix Suns,130,Los Angeles Clippers,103,18495,STAPLES Center
Thu Jul 1 2021,Atlanta Hawks,112,Milwaukee Bucks,123,16389,Fiserv Forum
Sat Jul 3 2021,Milwaukee Bucks,118,Atlanta Hawks,107,16620,State Farm Arena
Tue Jul 6 2021,Milwaukee Bucks,105,Phoenix Suns,118,16557,Phoenix Suns Arena
Thu Jul 8 2021,Milwaukee Bucks,108,Phoenix Suns,118,16583,Phoenix Suns Arena
Sun Jul 11 2021,Phoenix Suns,100,Milwaukee Bucks,120,16637,Fiserv Forum
Wed Jul 14 2021,Phoenix Suns,103,Milwaukee Bucks,109,16911,Fiserv Forum
Sat Jul 17 2021,Milwaukee Bucks,123,Phoenix Suns,119,16562,Phoenix Suns Arena
Tue Jul 20 2021,Phoenix Suns,98,Milwaukee Bucks,105,17397,Fiserv Forum